user_id,course_viewed,course_view_date,demo_attended,demo_date
1,1,10-01-2024,1,28-01-2024
2,1,03-02-2024,1,08-03-2024
3,0,04-02-2024,0,17-01-2024
4,1,21-01-2024,1,04-03-2024
5,0,15-01-2024,0,22-02-2024
6,1,24-01-2024,0,25-02-2024
7,1,21-02-2024,0,11-01-2024
8,0,13-01-2024,0,08-02-2024
9,1,06-01-2024,0,08-02-2024
10,0,10-02-2024,1,27-02-2024
11,1,05-01-2024,0,17-02-2024
12,1,08-01-2024,1,23-02-2024
13,1,09-02-2024,1,10-02-2024
14,1,27-02-2024,0,10-01-2024
15,1,02-03-2024,0,16-02-2024
16,0,29-01-2024,0,22-01-2024
17,1,07-01-2024,1,20-01-2024
18,1,13-01-2024,0,19-01-2024
19,0,26-01-2024,0,26-02-2024
20,0,27-01-2024,0,08-03-2024
21,0,16-01-2024,0,04-02-2024
22,0,14-01-2024,0,05-03-2024
23,1,07-02-2024,0,04-03-2024
24,1,16-02-2024,0,29-01-2024
25,1,14-01-2024,0,26-01-2024
26,0,03-02-2024,0,26-01-2024
27,0,26-01-2024,0,13-01-2024
28,0,10-01-2024,0,14-01-2024
29,1,23-02-2024,0,09-03-2024
30,1,06-01-2024,0,01-02-2024
31,1,03-02-2024,0,24-02-2024
32,1,06-01-2024,0,01-03-2024
33,1,05-02-2024,0,19-01-2024
34,1,15-02-2024,0,24-02-2024
35,1,20-01-2024,0,06-02-2024
36,1,16-01-2024,0,11-02-2024
37,0,05-01-2024,1,21-02-2024
38,1,26-02-2024,1,04-02-2024
39,1,12-01-2024,1,04-03-2024
40,1,21-02-2024,1,28-02-2024
41,0,23-02-2024,0,26-02-2024
42,1,17-01-2024,0,07-02-2024
43,1,19-01-2024,0,05-02-2024
44,0,26-02-2024,0,27-01-2024
45,1,17-02-2024,0,18-02-2024
46,0,12-01-2024,1,09-03-2024
47,0,14-01-2024,0,19-01-2024
48,0,19-02-2024,0,07-03-2024
49,0,09-01-2024,0,20-02-2024
50,1,23-02-2024,0,14-01-2024
51,0,23-01-2024,0,19-01-2024
52,0,20-02-2024,1,28-02-2024
53,0,11-02-2024,0,30-01-2024
54,0,03-03-2024,1,02-02-2024
55,0,15-01-2024,0,16-02-2024
56,1,26-02-2024,1,12-01-2024
57,0,16-02-2024,0,18-02-2024
58,1,24-01-2024,0,09-02-2024
59,1,24-01-2024,0,19-02-2024
60,0,25-01-2024,1,15-02-2024
61,1,22-01-2024,1,11-01-2024
62,0,01-03-2024,0,11-01-2024
63,0,23-02-2024,0,17-02-2024
64,0,14-01-2024,1,27-02-2024
65,0,07-02-2024,0,20-02-2024
66,1,30-01-2024,0,22-02-2024
67,1,03-02-2024,0,12-02-2024
68,0,13-01-2024,0,20-02-2024
69,1,19-02-2024,1,29-01-2024
70,0,24-02-2024,1,11-02-2024
71,1,04-02-2024,0,13-01-2024
72,0,15-02-2024,0,23-02-2024
73,0,28-02-2024,1,22-02-2024
74,0,08-01-2024,0,20-01-2024
75,0,10-01-2024,1,20-02-2024
76,1,18-01-2024,0,25-02-2024
77,1,08-01-2024,0,14-01-2024
78,0,30-01-2024,1,03-02-2024
79,1,20-02-2024,0,27-02-2024
80,1,21-02-2024,0,09-03-2024
81,1,12-02-2024,0,15-02-2024
82,0,21-01-2024,0,12-02-2024
83,1,23-01-2024,0,18-01-2024
84,1,24-02-2024,1,15-01-2024
85,1,22-02-2024,1,27-01-2024
86,0,10-01-2024,0,23-01-2024
87,0,02-02-2024,0,28-01-2024
88,0,15-01-2024,0,23-01-2024
89,1,20-01-2024,0,18-02-2024
90,1,03-02-2024,0,26-01-2024
91,0,29-01-2024,1,09-03-2024
92,1,13-02-2024,0,13-02-2024
93,1,15-01-2024,1,07-02-2024
94,1,11-01-2024,0,20-02-2024
95,1,30-01-2024,0,26-01-2024
96,1,29-02-2024,0,08-03-2024
97,0,26-01-2024,0,21-02-2024
98,1,29-01-2024,0,17-01-2024
99,0,23-01-2024,1,10-01-2024
100,0,04-02-2024,0,23-02-2024
101,0,30-01-2024,1,02-03-2024
102,0,15-02-2024,0,14-02-2024
103,0,14-02-2024,1,16-01-2024
104,0,09-02-2024,0,24-02-2024
105,1,27-01-2024,1,14-01-2024
106,0,20-02-2024,0,02-02-2024
107,1,17-01-2024,1,06-02-2024
108,0,29-01-2024,1,21-02-2024
109,1,06-01-2024,0,26-01-2024
110,1,06-01-2024,0,15-02-2024
111,0,20-01-2024,0,29-01-2024
112,1,13-01-2024,1,12-01-2024
113,1,01-02-2024,0,15-02-2024
114,1,17-01-2024,0,04-02-2024
115,1,08-02-2024,0,24-01-2024
116,1,14-02-2024,0,29-02-2024
117,1,17-01-2024,1,26-02-2024
118,1,04-02-2024,0,17-01-2024
119,0,25-01-2024,0,22-01-2024
120,1,05-02-2024,1,26-02-2024
121,0,27-02-2024,0,12-01-2024
122,1,07-02-2024,0,10-01-2024
123,0,12-01-2024,0,18-01-2024
124,1,03-03-2024,0,09-02-2024
125,1,14-02-2024,0,19-02-2024
126,0,21-02-2024,1,03-03-2024
127,0,06-01-2024,0,04-02-2024
128,1,11-02-2024,0,26-01-2024
129,1,05-02-2024,0,05-03-2024
130,1,27-02-2024,0,12-02-2024
131,0,13-02-2024,1,18-01-2024
132,1,02-03-2024,0,05-03-2024
133,1,01-02-2024,0,29-02-2024
134,0,10-02-2024,0,22-01-2024
135,0,14-02-2024,0,14-01-2024
136,1,05-01-2024,0,19-02-2024
137,0,14-02-2024,0,22-01-2024
138,0,14-01-2024,0,10-01-2024
139,1,28-02-2024,1,03-02-2024
140,0,08-01-2024,0,25-02-2024
141,1,08-02-2024,1,13-01-2024
142,0,14-01-2024,1,14-02-2024
143,1,20-02-2024,0,01-03-2024
144,1,15-01-2024,0,19-01-2024
145,0,18-01-2024,0,06-02-2024
146,1,11-02-2024,0,06-03-2024
147,0,16-01-2024,1,15-01-2024
148,1,18-02-2024,0,05-02-2024
149,1,21-01-2024,0,05-03-2024
150,1,20-01-2024,0,21-01-2024
151,1,08-02-2024,0,01-03-2024
152,0,06-01-2024,0,26-02-2024
153,1,15-01-2024,1,12-01-2024
154,0,14-02-2024,0,24-02-2024
155,0,07-01-2024,1,11-02-2024
156,1,02-02-2024,0,19-01-2024
157,0,22-01-2024,0,09-02-2024
158,1,24-01-2024,0,24-01-2024
159,0,20-02-2024,0,16-01-2024
160,1,18-01-2024,0,14-02-2024
161,0,07-02-2024,1,23-01-2024
162,0,22-02-2024,1,05-03-2024
163,1,27-02-2024,0,26-02-2024
164,1,04-02-2024,0,23-01-2024
165,1,02-03-2024,0,12-01-2024
166,0,13-02-2024,1,27-02-2024
167,0,15-02-2024,0,02-03-2024
168,1,02-03-2024,1,24-02-2024
169,1,22-01-2024,0,28-02-2024
170,0,03-02-2024,0,12-01-2024
171,1,29-01-2024,1,31-01-2024
172,1,23-01-2024,0,28-01-2024
173,1,12-01-2024,0,13-02-2024
174,1,01-02-2024,0,21-01-2024
175,1,12-01-2024,0,03-03-2024
176,0,04-02-2024,0,14-01-2024
177,0,07-01-2024,0,19-01-2024
178,1,07-01-2024,1,19-02-2024
179,1,17-02-2024,0,11-02-2024
180,1,26-01-2024,1,22-01-2024
181,0,21-01-2024,0,13-02-2024
182,1,09-02-2024,0,29-02-2024
183,1,21-01-2024,0,10-02-2024
184,0,18-01-2024,0,20-01-2024
185,0,24-02-2024,0,26-02-2024
186,1,13-01-2024,1,16-02-2024
187,1,03-02-2024,0,02-02-2024
188,0,25-01-2024,0,13-02-2024
189,1,16-01-2024,0,28-01-2024
190,1,10-02-2024,1,15-01-2024
191,1,05-02-2024,1,18-02-2024
192,0,15-01-2024,0,03-03-2024
193,1,24-01-2024,0,23-02-2024
194,0,08-02-2024,0,22-02-2024
195,1,26-02-2024,0,20-02-2024
196,0,20-02-2024,0,13-02-2024
197,1,19-02-2024,0,13-01-2024
198,0,15-01-2024,0,11-02-2024
199,1,25-02-2024,0,22-01-2024
200,1,12-01-2024,0,05-03-2024
201,0,08-01-2024,1,14-02-2024
202,1,31-01-2024,1,03-03-2024
203,0,17-02-2024,0,21-02-2024
204,0,13-02-2024,0,28-01-2024
205,1,11-02-2024,0,21-02-2024
206,0,20-02-2024,0,21-01-2024
207,1,03-02-2024,1,20-01-2024
208,1,17-02-2024,0,15-01-2024
209,1,21-02-2024,1,21-01-2024
210,0,21-02-2024,1,05-02-2024
211,1,31-01-2024,0,19-02-2024
212,1,25-01-2024,0,03-02-2024
213,0,25-02-2024,0,20-02-2024
214,1,24-01-2024,0,12-01-2024
215,0,04-03-2024,0,12-01-2024
216,1,08-01-2024,0,29-01-2024
217,0,15-01-2024,1,06-02-2024
218,1,17-01-2024,0,01-02-2024
219,1,13-01-2024,0,26-02-2024
220,0,08-01-2024,0,12-01-2024
221,0,16-01-2024,0,20-02-2024
222,1,13-01-2024,0,02-02-2024
223,1,17-01-2024,1,21-02-2024
224,0,21-02-2024,0,18-02-2024
225,0,30-01-2024,0,15-01-2024
226,1,11-02-2024,0,29-01-2024
227,1,15-02-2024,0,20-01-2024
228,1,17-01-2024,1,10-02-2024
229,1,12-02-2024,0,09-03-2024
230,0,01-02-2024,1,05-02-2024
231,1,02-03-2024,0,30-01-2024
232,1,23-01-2024,0,22-02-2024
233,0,28-01-2024,0,26-02-2024
234,1,23-01-2024,0,28-02-2024
235,1,22-02-2024,0,22-01-2024
236,0,17-01-2024,1,31-01-2024
237,1,17-01-2024,0,13-02-2024
238,0,02-03-2024,0,25-02-2024
239,1,01-02-2024,0,31-01-2024
240,1,26-02-2024,0,06-02-2024
241,0,06-01-2024,0,30-01-2024
242,0,14-01-2024,0,24-02-2024
243,1,26-01-2024,0,27-01-2024
244,1,17-01-2024,0,09-02-2024
245,1,02-03-2024,0,09-03-2024
246,1,13-01-2024,0,24-02-2024
247,1,06-02-2024,0,15-02-2024
248,1,18-01-2024,0,30-01-2024
249,1,21-02-2024,1,23-01-2024
250,0,24-01-2024,0,03-02-2024
251,1,19-01-2024,0,05-02-2024
252,1,05-02-2024,0,18-02-2024
253,1,06-02-2024,0,09-03-2024
254,1,21-01-2024,1,09-03-2024
255,1,28-01-2024,0,01-02-2024
256,1,03-02-2024,1,09-02-2024
257,0,17-01-2024,1,25-02-2024
258,0,03-03-2024,0,09-03-2024
259,1,20-02-2024,0,07-02-2024
260,0,21-02-2024,0,25-02-2024
261,0,20-01-2024,0,08-02-2024
262,0,06-01-2024,0,29-02-2024
263,1,21-01-2024,0,04-02-2024
264,1,05-02-2024,0,29-01-2024
265,1,16-02-2024,0,16-02-2024
266,1,12-01-2024,0,28-01-2024
267,0,25-02-2024,1,05-02-2024
268,1,07-01-2024,0,03-02-2024
269,1,16-01-2024,1,18-02-2024
270,1,24-01-2024,0,16-02-2024
271,0,20-01-2024,0,01-03-2024
272,0,18-01-2024,0,01-02-2024
273,0,20-01-2024,0,07-02-2024
274,1,03-03-2024,0,24-01-2024
275,1,26-02-2024,0,08-03-2024
276,1,22-02-2024,1,12-01-2024
277,1,16-02-2024,0,19-01-2024
278,1,22-02-2024,0,24-01-2024
279,1,24-02-2024,1,05-03-2024
280,0,27-02-2024,1,25-01-2024
281,0,06-02-2024,0,26-01-2024
282,1,03-02-2024,0,28-01-2024
283,0,03-03-2024,1,20-01-2024
284,1,16-01-2024,0,26-02-2024
285,1,19-01-2024,0,14-01-2024
286,1,22-01-2024,0,14-01-2024
287,1,01-02-2024,1,07-03-2024
288,1,27-01-2024,0,23-01-2024
289,1,18-01-2024,1,28-02-2024
290,0,03-02-2024,0,04-02-2024
291,0,06-02-2024,1,17-01-2024
292,0,18-02-2024,0,14-01-2024
293,1,19-01-2024,0,16-01-2024
294,0,11-01-2024,1,25-01-2024
295,0,19-01-2024,0,04-03-2024
296,0,25-02-2024,0,23-01-2024
297,1,15-02-2024,0,15-02-2024
298,1,19-02-2024,0,05-03-2024
299,1,11-02-2024,0,19-02-2024
300,1,19-02-2024,0,13-01-2024
301,1,29-02-2024,0,14-02-2024
302,1,01-03-2024,0,26-02-2024
303,1,27-02-2024,0,05-03-2024
304,1,17-02-2024,0,26-01-2024
305,0,15-01-2024,1,25-02-2024
306,1,02-02-2024,0,14-02-2024
307,0,04-02-2024,0,15-01-2024
308,1,29-01-2024,1,25-01-2024
309,1,25-02-2024,0,07-02-2024
310,0,27-02-2024,1,14-02-2024
311,0,28-01-2024,1,16-02-2024
312,1,01-03-2024,1,15-02-2024
313,0,23-01-2024,0,26-02-2024
314,1,06-01-2024,1,06-03-2024
315,1,26-01-2024,1,26-02-2024
316,1,24-01-2024,0,19-01-2024
317,1,06-02-2024,0,19-02-2024
318,1,12-01-2024,0,14-02-2024
319,1,29-01-2024,0,07-02-2024
320,1,19-02-2024,0,23-01-2024
321,1,13-01-2024,0,13-01-2024
322,1,07-02-2024,0,22-02-2024
323,1,01-03-2024,0,05-03-2024
324,0,27-01-2024,0,20-02-2024
325,1,09-01-2024,0,14-02-2024
326,1,28-02-2024,1,28-02-2024
327,0,29-01-2024,0,23-02-2024
328,0,12-01-2024,0,22-01-2024
329,1,20-01-2024,0,24-02-2024
330,0,27-02-2024,0,27-01-2024
331,0,21-02-2024,1,11-02-2024
332,1,18-02-2024,1,30-01-2024
333,1,25-02-2024,0,25-01-2024
334,0,19-01-2024,1,24-01-2024
335,1,05-01-2024,0,03-03-2024
336,1,26-01-2024,0,06-03-2024
337,1,07-01-2024,0,14-01-2024
338,0,11-02-2024,1,15-01-2024
339,1,27-02-2024,0,16-02-2024
340,1,18-01-2024,0,12-01-2024
341,1,09-02-2024,1,26-02-2024
342,1,22-01-2024,0,21-01-2024
343,1,20-02-2024,0,14-02-2024
344,0,14-02-2024,1,11-02-2024
345,1,22-01-2024,0,14-02-2024
346,0,07-01-2024,0,11-02-2024
347,1,14-01-2024,0,09-02-2024
348,1,22-02-2024,0,30-01-2024
349,0,12-02-2024,0,05-02-2024
350,1,20-02-2024,0,05-02-2024
351,0,05-01-2024,0,17-01-2024
352,0,31-01-2024,0,05-03-2024
353,1,01-03-2024,1,15-02-2024
354,0,31-01-2024,1,10-02-2024
355,1,15-01-2024,0,04-02-2024
356,0,22-02-2024,0,11-01-2024
357,1,09-01-2024,1,21-01-2024
358,1,11-01-2024,0,31-01-2024
359,1,23-01-2024,0,26-01-2024
360,1,01-03-2024,1,16-01-2024
361,1,29-02-2024,1,21-02-2024
362,0,02-02-2024,1,13-01-2024
363,0,19-01-2024,1,15-02-2024
364,1,08-02-2024,0,16-02-2024
365,0,20-02-2024,0,10-02-2024
366,1,10-02-2024,0,20-01-2024
367,0,28-02-2024,0,10-01-2024
368,1,16-01-2024,0,03-02-2024
369,1,03-02-2024,1,20-02-2024
370,0,24-01-2024,1,01-03-2024
371,1,10-02-2024,0,02-02-2024
372,0,07-01-2024,1,02-03-2024
373,1,13-01-2024,1,21-02-2024
374,0,02-03-2024,0,05-03-2024
375,1,14-02-2024,0,26-01-2024
376,1,12-02-2024,0,17-01-2024
377,0,30-01-2024,0,08-03-2024
378,0,06-01-2024,0,23-02-2024
379,1,27-01-2024,0,05-02-2024
380,0,27-01-2024,0,01-03-2024
381,1,03-03-2024,0,27-01-2024
382,1,25-01-2024,1,05-02-2024
383,0,20-01-2024,0,31-01-2024
384,1,13-01-2024,1,25-01-2024
385,1,17-01-2024,0,11-01-2024
386,1,01-02-2024,0,14-01-2024
387,1,31-01-2024,1,27-01-2024
388,0,24-02-2024,0,12-01-2024
389,0,25-02-2024,0,05-02-2024
390,1,21-01-2024,1,03-03-2024
391,1,11-02-2024,0,26-01-2024
392,0,09-02-2024,0,25-01-2024
393,1,05-01-2024,0,15-01-2024
394,1,22-01-2024,1,29-02-2024
395,0,24-02-2024,0,16-01-2024
396,1,13-01-2024,0,28-02-2024
397,0,17-01-2024,0,23-01-2024
398,1,13-02-2024,0,16-02-2024
399,0,28-02-2024,1,18-02-2024
400,1,18-02-2024,0,24-01-2024
401,0,19-01-2024,0,25-02-2024
402,1,16-02-2024,0,25-02-2024
403,1,17-02-2024,1,26-02-2024
404,0,19-02-2024,0,11-02-2024
405,1,08-01-2024,1,21-02-2024
406,1,06-02-2024,1,05-02-2024
407,0,28-01-2024,0,07-02-2024
408,1,09-02-2024,0,06-03-2024
409,0,24-02-2024,0,15-02-2024
410,1,14-02-2024,1,14-01-2024
411,1,14-01-2024,0,07-02-2024
412,1,09-02-2024,0,10-02-2024
413,0,24-01-2024,1,09-03-2024
414,1,14-02-2024,0,02-03-2024
415,1,18-02-2024,0,15-01-2024
416,1,17-02-2024,0,11-01-2024
417,1,15-01-2024,0,15-01-2024
418,1,16-01-2024,1,24-02-2024
419,0,22-01-2024,0,21-02-2024
420,0,03-02-2024,0,13-01-2024
421,0,17-02-2024,1,05-03-2024
422,0,21-02-2024,0,07-02-2024
423,0,10-02-2024,1,08-03-2024
424,0,24-01-2024,1,03-02-2024
425,0,29-01-2024,0,18-01-2024
426,0,16-01-2024,0,05-03-2024
427,0,25-01-2024,1,12-01-2024
428,0,29-01-2024,0,04-02-2024
429,0,15-01-2024,0,26-02-2024
430,1,13-01-2024,1,21-02-2024
431,1,23-02-2024,0,05-02-2024
432,0,29-01-2024,1,14-02-2024
433,1,08-02-2024,0,10-02-2024
434,0,25-02-2024,0,10-01-2024
435,0,05-02-2024,0,06-03-2024
436,0,22-02-2024,1,02-03-2024
437,1,18-01-2024,0,03-03-2024
438,1,05-01-2024,1,25-01-2024
439,0,21-01-2024,0,29-02-2024
440,0,29-01-2024,0,26-02-2024
441,1,03-03-2024,0,20-01-2024
442,0,12-01-2024,0,04-02-2024
443,0,09-01-2024,0,18-02-2024
444,1,09-01-2024,0,04-03-2024
445,1,14-02-2024,0,10-01-2024
446,1,08-02-2024,1,04-02-2024
447,1,23-01-2024,0,06-02-2024
448,0,27-01-2024,1,02-03-2024
449,0,13-01-2024,0,07-03-2024
450,1,27-02-2024,0,18-01-2024
451,0,03-02-2024,0,09-03-2024
452,1,23-02-2024,0,08-03-2024
453,1,20-01-2024,0,22-02-2024
454,1,06-02-2024,0,31-01-2024
455,0,06-01-2024,0,17-01-2024
456,1,18-01-2024,1,07-03-2024
457,1,19-02-2024,0,27-02-2024
458,1,05-01-2024,1,20-02-2024
459,0,30-01-2024,0,05-02-2024
460,0,02-03-2024,0,17-02-2024
461,0,29-01-2024,0,28-01-2024
462,0,20-01-2024,0,03-02-2024
463,0,19-01-2024,0,16-02-2024
464,1,30-01-2024,0,30-01-2024
465,1,20-02-2024,0,02-02-2024
466,0,17-02-2024,0,02-02-2024
467,1,20-01-2024,0,09-03-2024
468,0,18-01-2024,0,09-03-2024
469,1,02-02-2024,0,28-01-2024
470,1,28-01-2024,1,28-02-2024
471,1,20-02-2024,1,25-02-2024
472,1,28-02-2024,0,11-01-2024
473,0,19-01-2024,1,23-01-2024
474,0,23-01-2024,1,02-03-2024
475,1,12-01-2024,0,10-02-2024
476,1,07-02-2024,0,20-02-2024
477,0,06-01-2024,1,10-02-2024
478,0,31-01-2024,0,06-02-2024
479,1,14-01-2024,1,26-02-2024
480,0,08-02-2024,0,17-02-2024
481,1,27-01-2024,0,18-02-2024
482,1,22-02-2024,0,20-02-2024
483,0,12-01-2024,0,25-02-2024
484,0,01-02-2024,1,18-02-2024
485,1,27-01-2024,1,22-01-2024
486,1,08-01-2024,0,21-01-2024
487,1,18-01-2024,0,17-01-2024
488,0,26-02-2024,1,24-01-2024
489,0,15-02-2024,0,04-02-2024
490,1,02-02-2024,0,21-01-2024
491,1,05-01-2024,0,21-02-2024
492,0,08-01-2024,1,29-02-2024
493,1,05-02-2024,1,24-02-2024
494,0,06-02-2024,0,05-02-2024
495,0,22-02-2024,0,27-01-2024
496,0,30-01-2024,1,23-02-2024
497,0,21-01-2024,0,14-02-2024
498,1,12-02-2024,0,27-02-2024
499,1,27-01-2024,0,29-02-2024
500,1,05-02-2024,1,05-02-2024
501,1,25-02-2024,0,18-01-2024
502,0,19-01-2024,0,04-03-2024
503,0,17-01-2024,0,17-02-2024
504,0,04-03-2024,0,10-01-2024
505,0,06-01-2024,0,16-01-2024
506,1,04-03-2024,0,04-02-2024
507,1,23-01-2024,0,16-01-2024
508,1,28-01-2024,0,01-03-2024
509,0,18-02-2024,0,16-01-2024
510,0,28-01-2024,0,17-01-2024
511,1,15-01-2024,1,25-01-2024
512,0,03-03-2024,1,12-01-2024
513,1,26-01-2024,0,23-02-2024
514,1,19-01-2024,1,19-01-2024
515,0,14-01-2024,0,28-02-2024
516,1,14-02-2024,1,16-01-2024
517,1,31-01-2024,0,30-01-2024
518,0,04-03-2024,0,02-03-2024
519,1,13-01-2024,0,15-02-2024
520,0,25-02-2024,0,09-02-2024
521,0,01-02-2024,1,01-02-2024
522,1,05-01-2024,0,06-03-2024
523,1,21-01-2024,0,05-02-2024
524,0,04-02-2024,0,05-03-2024
525,0,17-02-2024,1,31-01-2024
526,1,14-01-2024,0,17-02-2024
527,1,10-02-2024,0,06-03-2024
528,1,02-02-2024,1,05-02-2024
529,0,22-01-2024,0,03-03-2024
530,1,20-02-2024,0,27-02-2024
531,0,11-02-2024,1,13-01-2024
532,1,12-02-2024,0,02-02-2024
533,0,22-02-2024,0,01-02-2024
534,1,10-01-2024,0,26-02-2024
535,0,13-02-2024,1,28-01-2024
536,1,16-01-2024,0,20-02-2024
537,0,26-02-2024,1,12-01-2024
538,0,18-01-2024,1,05-02-2024
539,1,17-02-2024,0,12-01-2024
540,1,28-02-2024,1,06-02-2024
541,1,14-01-2024,0,26-01-2024
542,0,27-02-2024,0,09-02-2024
543,1,24-01-2024,1,19-01-2024
544,1,19-01-2024,1,27-02-2024
545,0,04-02-2024,0,31-01-2024
546,0,11-01-2024,0,08-02-2024
547,1,02-03-2024,0,27-02-2024
548,1,14-02-2024,0,30-01-2024
549,1,14-01-2024,0,14-02-2024
550,1,14-01-2024,0,02-03-2024
551,1,21-02-2024,0,01-02-2024
552,0,12-02-2024,0,16-02-2024
553,1,01-02-2024,0,21-01-2024
554,1,03-02-2024,1,03-02-2024
555,0,10-02-2024,1,03-03-2024
556,1,28-02-2024,0,06-03-2024
557,0,07-01-2024,0,29-01-2024
558,1,23-02-2024,0,27-02-2024
559,0,16-02-2024,0,27-02-2024
560,0,19-01-2024,0,20-02-2024
561,0,25-01-2024,1,16-01-2024
562,1,25-02-2024,0,07-02-2024
563,0,10-02-2024,0,26-02-2024
564,1,29-02-2024,0,07-02-2024
565,1,16-01-2024,0,22-01-2024
566,1,08-01-2024,0,12-01-2024
567,0,20-02-2024,1,11-01-2024
568,1,13-01-2024,0,25-01-2024
569,0,12-02-2024,0,08-02-2024
570,1,15-02-2024,0,16-02-2024
571,0,01-02-2024,1,15-01-2024
572,1,27-01-2024,0,23-02-2024
573,1,18-02-2024,0,16-01-2024
574,1,13-02-2024,1,14-01-2024
575,1,17-02-2024,0,05-03-2024
576,0,26-01-2024,0,16-01-2024
577,0,28-01-2024,0,12-02-2024
578,1,24-02-2024,0,10-02-2024
579,1,02-03-2024,0,27-02-2024
580,0,30-01-2024,0,22-01-2024
581,1,03-02-2024,0,08-02-2024
582,1,06-02-2024,0,03-02-2024
583,1,20-01-2024,0,30-01-2024
584,0,26-01-2024,0,09-03-2024
585,0,22-02-2024,0,08-03-2024
586,0,01-03-2024,1,30-01-2024
587,1,23-02-2024,0,06-02-2024
588,1,16-02-2024,0,26-02-2024
589,1,22-01-2024,0,07-03-2024
590,1,11-01-2024,0,29-01-2024
591,1,23-02-2024,0,12-02-2024
592,1,30-01-2024,0,14-01-2024
593,1,12-01-2024,0,27-01-2024
594,0,10-01-2024,0,09-03-2024
595,1,03-02-2024,1,17-02-2024
596,1,12-02-2024,0,21-02-2024
597,0,27-01-2024,0,06-03-2024
598,0,05-02-2024,0,06-03-2024
599,0,26-01-2024,0,20-01-2024
600,1,15-02-2024,0,03-03-2024
601,1,16-02-2024,0,26-01-2024
602,1,01-03-2024,0,26-02-2024
603,1,18-02-2024,1,23-02-2024
604,0,13-01-2024,1,31-01-2024
605,0,04-02-2024,0,15-02-2024
606,0,11-01-2024,0,29-01-2024
607,1,13-01-2024,1,26-02-2024
608,0,17-01-2024,0,09-03-2024
609,1,02-03-2024,0,03-03-2024
610,1,07-01-2024,0,03-03-2024
611,1,08-02-2024,0,26-02-2024
612,0,06-02-2024,0,26-02-2024
613,1,25-01-2024,0,24-02-2024
614,1,04-02-2024,0,15-01-2024
615,0,25-02-2024,0,12-02-2024
616,1,07-02-2024,1,23-01-2024
617,1,05-02-2024,0,26-02-2024
618,0,01-03-2024,0,01-02-2024
619,1,08-02-2024,0,29-01-2024
620,0,19-01-2024,1,22-01-2024
621,1,29-02-2024,1,25-02-2024
622,0,05-02-2024,0,22-02-2024
623,1,10-01-2024,0,19-02-2024
624,0,18-02-2024,1,10-02-2024
625,1,25-01-2024,0,04-02-2024
626,1,06-02-2024,0,28-02-2024
627,1,05-02-2024,0,02-03-2024
628,1,25-02-2024,0,23-01-2024
629,1,23-01-2024,0,01-03-2024
630,0,06-02-2024,0,06-03-2024
631,0,01-02-2024,0,14-02-2024
632,1,04-02-2024,1,17-01-2024
633,0,25-01-2024,1,18-02-2024
634,0,27-02-2024,1,31-01-2024
635,1,07-02-2024,1,31-01-2024
636,0,19-01-2024,0,25-01-2024
637,0,18-01-2024,0,05-02-2024
638,1,23-01-2024,0,05-03-2024
639,1,16-02-2024,1,09-03-2024
640,1,19-01-2024,0,09-03-2024
641,1,10-01-2024,1,19-01-2024
642,1,25-02-2024,0,03-02-2024
643,1,13-01-2024,1,09-02-2024
644,0,10-02-2024,0,30-01-2024
645,0,24-01-2024,0,05-02-2024
646,1,07-02-2024,1,26-01-2024
647,1,11-02-2024,0,11-02-2024
648,1,30-01-2024,1,09-02-2024
649,0,22-01-2024,0,28-02-2024
650,0,01-02-2024,0,20-02-2024
651,1,28-02-2024,0,04-02-2024
652,0,24-02-2024,0,30-01-2024
653,1,13-01-2024,0,14-02-2024
654,0,05-02-2024,0,10-01-2024
655,0,03-03-2024,0,13-01-2024
656,1,26-02-2024,0,13-01-2024
657,1,29-02-2024,0,04-02-2024
658,0,03-03-2024,0,13-01-2024
659,0,10-01-2024,1,27-02-2024
660,1,18-01-2024,0,18-01-2024
661,0,01-02-2024,0,08-02-2024
662,1,02-03-2024,0,29-02-2024
663,1,28-01-2024,0,23-02-2024
664,0,17-01-2024,0,13-01-2024
665,1,16-02-2024,1,14-01-2024
666,0,16-01-2024,1,23-02-2024
667,1,24-02-2024,0,01-02-2024
668,0,23-01-2024,0,25-01-2024
669,1,25-01-2024,1,31-01-2024
670,0,31-01-2024,0,15-02-2024
671,0,02-03-2024,0,17-01-2024
672,1,23-01-2024,0,26-02-2024
673,1,28-01-2024,0,11-02-2024
674,1,30-01-2024,1,04-03-2024
675,0,18-02-2024,0,09-03-2024
676,1,01-02-2024,0,16-02-2024
677,0,19-02-2024,0,21-02-2024
678,0,29-02-2024,1,25-01-2024
679,1,22-01-2024,1,14-01-2024
680,0,17-02-2024,0,25-01-2024
681,1,09-02-2024,0,16-01-2024
682,1,15-02-2024,0,29-02-2024
683,1,02-02-2024,1,10-01-2024
684,1,21-01-2024,1,18-01-2024
685,1,08-01-2024,0,27-01-2024
686,0,17-02-2024,1,23-02-2024
687,1,18-02-2024,0,07-03-2024
688,0,03-03-2024,0,25-02-2024
689,0,02-02-2024,0,12-01-2024
690,1,08-01-2024,0,02-02-2024
691,1,14-01-2024,0,06-02-2024
692,1,29-01-2024,0,19-01-2024
693,0,04-02-2024,0,18-01-2024
694,1,07-01-2024,0,22-01-2024
695,0,20-02-2024,0,26-02-2024
696,1,06-01-2024,0,13-02-2024
697,1,01-03-2024,0,03-03-2024
698,1,29-01-2024,0,01-02-2024
699,0,22-02-2024,0,25-02-2024
700,0,10-01-2024,1,26-01-2024
701,0,30-01-2024,1,24-02-2024
702,1,12-01-2024,1,16-01-2024
703,1,08-02-2024,0,01-03-2024
704,0,31-01-2024,0,25-01-2024
705,1,29-01-2024,0,02-03-2024
706,1,22-01-2024,0,18-02-2024
707,1,27-02-2024,0,14-02-2024
708,1,05-01-2024,0,29-01-2024
709,1,21-02-2024,1,02-02-2024
710,0,12-02-2024,0,25-02-2024
711,0,07-01-2024,1,14-01-2024
712,0,28-02-2024,1,23-02-2024
713,1,08-01-2024,0,15-01-2024
714,1,14-02-2024,1,06-02-2024
715,1,10-02-2024,0,08-03-2024
716,0,24-02-2024,1,14-01-2024
717,1,19-01-2024,0,27-02-2024
718,0,12-01-2024,1,17-02-2024
719,0,11-02-2024,0,16-02-2024
720,1,23-02-2024,1,11-01-2024
721,1,23-01-2024,0,21-02-2024
722,1,29-02-2024,0,17-02-2024
723,1,20-02-2024,1,03-03-2024
724,0,30-01-2024,1,30-01-2024
725,0,12-02-2024,0,18-02-2024
726,0,14-01-2024,0,15-02-2024
727,1,11-02-2024,0,08-03-2024
728,1,18-01-2024,1,27-01-2024
729,0,22-02-2024,1,03-03-2024
730,1,14-02-2024,1,26-02-2024
731,0,23-01-2024,0,24-02-2024
732,0,03-02-2024,0,21-01-2024
733,1,09-01-2024,0,26-01-2024
734,0,28-02-2024,1,15-02-2024
735,1,04-02-2024,0,24-02-2024
736,1,11-01-2024,1,16-02-2024
737,1,23-01-2024,0,24-01-2024
738,0,04-02-2024,0,16-01-2024
739,0,25-02-2024,0,23-01-2024
740,1,02-03-2024,0,28-02-2024
741,0,12-02-2024,0,10-01-2024
742,0,28-01-2024,0,16-02-2024
743,1,07-02-2024,0,12-01-2024
744,1,01-03-2024,1,15-02-2024
745,1,27-01-2024,0,22-02-2024
746,0,21-02-2024,0,09-02-2024
747,1,18-02-2024,0,21-02-2024
748,0,13-02-2024,0,22-01-2024
749,0,10-01-2024,1,26-02-2024
750,1,11-02-2024,0,27-01-2024
751,1,14-02-2024,1,26-01-2024
752,1,09-02-2024,0,26-01-2024
753,1,31-01-2024,0,20-01-2024
754,1,15-01-2024,0,29-01-2024
755,1,09-01-2024,0,19-01-2024
756,1,01-03-2024,0,07-02-2024
757,1,21-01-2024,1,26-02-2024
758,1,25-02-2024,0,12-02-2024
759,1,11-01-2024,0,26-01-2024
760,1,31-01-2024,0,03-03-2024
761,0,20-02-2024,0,01-03-2024
762,1,01-03-2024,0,20-02-2024
763,0,19-01-2024,0,22-01-2024
764,1,19-02-2024,0,22-02-2024
765,0,17-01-2024,0,25-02-2024
766,1,15-01-2024,0,17-02-2024
767,1,04-03-2024,1,05-02-2024
768,0,18-02-2024,0,03-03-2024
769,0,30-01-2024,0,02-03-2024
770,0,26-01-2024,1,04-02-2024
771,1,01-02-2024,0,06-02-2024
772,0,28-01-2024,0,22-01-2024
773,0,02-02-2024,0,21-01-2024
774,0,13-01-2024,0,22-02-2024
775,1,15-02-2024,0,06-02-2024
776,0,08-01-2024,1,11-01-2024
777,1,22-02-2024,1,15-02-2024
778,0,19-02-2024,1,06-03-2024
779,1,29-02-2024,1,06-03-2024
780,0,22-01-2024,0,12-02-2024
781,1,16-02-2024,0,01-02-2024
782,0,20-01-2024,1,07-03-2024
783,1,06-02-2024,1,01-03-2024
784,1,02-02-2024,0,23-02-2024
785,1,12-02-2024,1,07-02-2024
786,1,04-03-2024,0,13-02-2024
787,1,14-01-2024,0,20-01-2024
788,1,13-01-2024,0,26-02-2024
789,1,03-03-2024,0,11-02-2024
790,0,04-02-2024,0,29-02-2024
791,1,01-02-2024,0,20-01-2024
792,1,04-03-2024,0,18-01-2024
793,0,01-03-2024,0,23-01-2024
794,0,07-01-2024,0,18-01-2024
795,0,27-02-2024,1,17-02-2024
796,1,28-02-2024,0,26-02-2024
797,0,18-01-2024,0,12-01-2024
798,0,02-03-2024,0,07-02-2024
799,0,29-01-2024,0,28-01-2024
800,1,19-01-2024,1,14-02-2024
801,1,06-01-2024,0,10-02-2024
802,0,28-01-2024,1,16-01-2024
803,0,18-01-2024,0,04-03-2024
804,0,21-02-2024,0,06-02-2024
805,1,11-01-2024,0,22-02-2024
806,1,09-02-2024,0,27-01-2024
807,1,23-02-2024,0,09-03-2024
808,0,28-01-2024,0,14-01-2024
809,1,31-01-2024,0,01-02-2024
810,1,10-02-2024,0,04-03-2024
811,0,11-02-2024,1,31-01-2024
812,0,03-02-2024,0,04-02-2024
813,0,31-01-2024,0,20-02-2024
814,1,12-02-2024,0,21-01-2024
815,1,19-01-2024,0,18-02-2024
816,1,30-01-2024,0,28-01-2024
817,1,05-01-2024,1,25-02-2024
818,0,29-02-2024,1,10-01-2024
819,1,08-01-2024,0,12-01-2024
820,1,02-02-2024,0,05-02-2024
821,0,01-03-2024,0,27-01-2024
822,1,05-01-2024,0,28-02-2024
823,0,16-02-2024,0,08-02-2024
824,0,23-02-2024,0,11-01-2024
825,1,19-02-2024,0,14-01-2024
826,1,26-01-2024,0,07-02-2024
827,1,15-01-2024,0,11-02-2024
828,0,14-01-2024,0,20-02-2024
829,1,03-03-2024,0,29-01-2024
830,1,21-01-2024,0,08-02-2024
831,1,09-02-2024,1,20-02-2024
832,1,29-02-2024,0,14-01-2024
833,1,20-02-2024,1,28-02-2024
834,0,30-01-2024,0,30-01-2024
835,1,21-02-2024,0,07-03-2024
836,0,25-01-2024,0,24-01-2024
837,0,17-01-2024,0,29-01-2024
838,1,13-01-2024,1,17-01-2024
839,1,15-01-2024,0,27-02-2024
840,0,15-01-2024,0,09-02-2024
841,1,10-01-2024,0,21-01-2024
842,0,05-01-2024,1,30-01-2024
843,1,27-02-2024,0,08-02-2024
844,1,10-01-2024,1,05-02-2024
845,1,17-01-2024,1,22-02-2024
846,0,26-01-2024,0,04-02-2024
847,1,29-02-2024,1,11-02-2024
848,1,04-02-2024,1,04-02-2024
849,1,26-01-2024,0,04-02-2024
850,1,10-02-2024,0,14-02-2024
851,1,20-02-2024,0,18-02-2024
852,0,31-01-2024,0,10-01-2024
853,1,23-02-2024,0,08-03-2024
854,1,25-02-2024,0,24-01-2024
855,0,18-01-2024,0,28-02-2024
856,1,20-02-2024,0,10-01-2024
857,0,02-03-2024,0,20-01-2024
858,1,09-01-2024,1,04-03-2024
859,1,02-03-2024,1,11-01-2024
860,0,09-02-2024,0,10-01-2024
861,1,05-02-2024,0,09-02-2024
862,0,07-02-2024,0,22-02-2024
863,0,11-01-2024,1,25-01-2024
864,0,15-02-2024,0,03-03-2024
865,1,21-02-2024,0,31-01-2024
866,0,14-01-2024,1,20-02-2024
867,1,23-02-2024,1,27-01-2024
868,1,21-01-2024,1,25-02-2024
869,0,03-02-2024,1,26-01-2024
870,1,25-01-2024,0,08-02-2024
871,1,04-03-2024,0,19-01-2024
872,1,17-01-2024,0,13-02-2024
873,0,05-01-2024,0,07-03-2024
874,0,05-01-2024,1,30-01-2024
875,0,20-02-2024,0,25-01-2024
876,0,06-02-2024,0,15-01-2024
877,0,11-02-2024,1,12-01-2024
878,0,29-01-2024,0,19-02-2024
879,0,30-01-2024,1,21-02-2024
880,0,17-01-2024,1,30-01-2024
881,0,03-03-2024,0,22-01-2024
882,0,01-02-2024,0,27-01-2024
883,1,06-02-2024,0,07-03-2024
884,0,10-02-2024,0,03-03-2024
885,1,14-02-2024,0,09-03-2024
886,0,03-02-2024,0,02-02-2024
887,1,01-03-2024,1,05-02-2024
888,0,22-02-2024,0,03-03-2024
889,1,21-02-2024,1,13-01-2024
890,1,12-01-2024,0,31-01-2024
891,0,22-02-2024,0,02-02-2024
892,1,20-02-2024,1,18-02-2024
893,1,29-02-2024,0,23-02-2024
894,0,05-01-2024,0,19-01-2024
895,1,16-01-2024,0,11-01-2024
896,1,09-01-2024,1,18-02-2024
897,1,28-01-2024,0,15-01-2024
898,0,10-01-2024,0,26-02-2024
899,1,29-01-2024,0,27-01-2024
900,1,05-01-2024,1,26-01-2024
901,1,29-01-2024,1,16-02-2024
902,1,05-01-2024,0,23-02-2024
903,0,05-02-2024,1,01-02-2024
904,1,15-02-2024,0,24-02-2024
905,0,15-02-2024,0,08-02-2024
906,0,07-01-2024,0,07-03-2024
907,1,22-02-2024,0,30-01-2024
908,1,23-01-2024,0,19-01-2024
909,0,04-03-2024,0,05-03-2024
910,1,16-02-2024,0,21-02-2024
911,0,02-02-2024,1,22-01-2024
912,1,23-02-2024,0,21-01-2024
913,1,06-01-2024,0,18-01-2024
914,0,13-01-2024,1,13-01-2024
915,0,29-02-2024,0,17-02-2024
916,0,21-01-2024,0,02-02-2024
917,1,04-03-2024,1,03-03-2024
918,0,19-02-2024,0,12-02-2024
919,0,09-02-2024,0,17-02-2024
920,1,21-01-2024,0,19-02-2024
921,1,22-02-2024,1,14-01-2024
922,0,16-01-2024,0,24-01-2024
923,1,04-03-2024,1,28-02-2024
924,0,24-01-2024,0,13-01-2024
925,1,23-02-2024,0,29-02-2024
926,0,07-01-2024,1,01-03-2024
927,0,16-02-2024,0,07-03-2024
928,1,01-03-2024,0,17-02-2024
929,0,23-02-2024,0,07-03-2024
930,1,08-01-2024,1,17-01-2024
931,0,21-01-2024,0,27-02-2024
932,0,23-02-2024,0,23-02-2024
933,1,10-02-2024,0,02-02-2024
934,1,19-02-2024,1,02-03-2024
935,1,15-02-2024,0,06-02-2024
936,0,19-01-2024,0,04-03-2024
937,0,06-02-2024,0,21-02-2024
938,0,20-01-2024,0,05-02-2024
939,0,15-01-2024,0,10-01-2024
940,1,28-02-2024,0,12-02-2024
941,1,24-01-2024,0,26-01-2024
942,0,11-02-2024,1,15-02-2024
943,0,28-01-2024,1,16-02-2024
944,0,27-02-2024,0,04-02-2024
945,0,20-01-2024,1,06-03-2024
946,0,03-02-2024,0,02-02-2024
947,1,07-02-2024,1,17-02-2024
948,1,05-01-2024,0,09-03-2024
949,1,28-01-2024,0,30-01-2024
950,1,28-01-2024,1,08-02-2024
951,1,13-01-2024,1,25-02-2024
952,1,26-01-2024,0,29-02-2024
953,0,16-01-2024,0,26-02-2024
954,1,21-01-2024,0,06-03-2024
955,1,29-01-2024,0,22-01-2024
956,0,01-02-2024,0,15-02-2024
957,1,19-01-2024,0,12-01-2024
958,0,03-02-2024,1,10-02-2024
959,1,24-02-2024,0,13-02-2024
960,1,31-01-2024,0,28-01-2024
961,1,26-01-2024,0,23-01-2024
962,1,14-01-2024,0,26-02-2024
963,1,02-03-2024,0,31-01-2024
964,1,04-02-2024,0,26-01-2024
965,1,31-01-2024,1,08-03-2024
966,1,16-01-2024,1,13-01-2024
967,1,19-02-2024,0,23-02-2024
968,1,04-02-2024,0,18-02-2024
969,1,05-02-2024,0,28-01-2024
970,1,05-02-2024,1,15-02-2024
971,1,14-02-2024,1,11-01-2024
972,1,03-03-2024,0,24-01-2024
973,0,18-02-2024,0,11-01-2024
974,0,08-02-2024,1,20-01-2024
975,1,26-02-2024,0,23-02-2024
976,0,19-02-2024,0,01-02-2024
977,0,25-01-2024,1,19-01-2024
978,1,14-01-2024,1,12-01-2024
979,0,20-01-2024,0,14-01-2024
980,0,11-01-2024,0,12-01-2024
981,1,08-01-2024,0,16-02-2024
982,1,31-01-2024,0,22-01-2024
983,1,25-02-2024,0,20-02-2024
984,1,28-02-2024,0,28-01-2024
985,1,29-01-2024,1,18-02-2024
986,0,04-02-2024,1,28-02-2024
987,1,15-01-2024,0,13-02-2024
988,1,21-02-2024,0,02-02-2024
989,0,24-01-2024,0,02-02-2024
990,0,09-02-2024,0,26-01-2024
991,1,27-02-2024,0,18-02-2024
992,0,27-02-2024,0,19-01-2024
993,1,28-02-2024,1,11-01-2024
994,0,21-01-2024,0,22-02-2024
995,1,18-02-2024,1,01-02-2024
996,1,15-01-2024,1,15-01-2024
997,0,03-02-2024,0,11-01-2024
998,0,08-02-2024,0,30-01-2024
999,1,14-02-2024,1,04-03-2024
1000,1,11-02-2024,1,05-03-2024
1001,1,26-01-2024,0,13-02-2024
1002,1,26-02-2024,0,27-02-2024
1003,1,16-02-2024,0,07-02-2024
1004,0,21-02-2024,1,16-01-2024
1005,0,24-02-2024,0,07-02-2024
1006,0,31-01-2024,0,02-03-2024
1007,1,10-02-2024,1,15-02-2024
1008,0,19-02-2024,0,01-02-2024
1009,0,22-02-2024,0,11-02-2024
1010,1,08-02-2024,0,17-01-2024
1011,1,08-01-2024,1,21-01-2024
1012,0,20-01-2024,0,24-02-2024
1013,0,20-01-2024,0,26-02-2024
1014,1,25-01-2024,0,19-01-2024
1015,1,30-01-2024,0,24-01-2024
1016,1,01-03-2024,0,02-03-2024
1017,0,09-02-2024,0,02-02-2024
1018,1,23-01-2024,0,04-02-2024
1019,1,02-03-2024,1,25-02-2024
1020,0,21-01-2024,1,20-02-2024
1021,1,18-02-2024,0,02-03-2024
1022,0,30-01-2024,0,09-03-2024
1023,0,26-01-2024,0,17-02-2024
1024,1,28-02-2024,1,07-03-2024
1025,0,02-03-2024,0,12-01-2024
1026,0,29-02-2024,0,11-01-2024
1027,1,01-02-2024,0,15-01-2024
1028,1,05-01-2024,0,30-01-2024
1029,1,17-02-2024,0,18-01-2024
1030,1,09-02-2024,0,19-01-2024
1031,0,16-02-2024,0,14-02-2024
1032,1,10-02-2024,1,08-03-2024
1033,1,06-01-2024,0,12-01-2024
1034,1,21-01-2024,0,19-02-2024
1035,1,13-02-2024,0,02-02-2024
1036,1,11-02-2024,0,31-01-2024
1037,1,25-01-2024,0,27-02-2024
1038,1,13-01-2024,0,23-01-2024
1039,0,17-01-2024,0,20-02-2024
1040,1,15-01-2024,0,23-02-2024
1041,0,20-01-2024,0,22-02-2024
1042,0,20-01-2024,0,05-02-2024
1043,0,03-03-2024,1,11-02-2024
1044,1,06-01-2024,0,09-03-2024
1045,1,15-02-2024,0,31-01-2024
1046,1,17-02-2024,0,07-02-2024
1047,1,12-01-2024,0,28-01-2024
1048,1,16-02-2024,0,28-01-2024
1049,0,15-02-2024,0,15-01-2024
1050,0,17-01-2024,1,23-02-2024
1051,1,01-03-2024,0,28-01-2024
1052,1,21-01-2024,0,22-01-2024
1053,1,12-02-2024,1,08-03-2024
1054,1,28-01-2024,1,04-02-2024
1055,0,07-01-2024,0,31-01-2024
1056,1,03-02-2024,0,30-01-2024
1057,1,25-02-2024,0,14-02-2024
1058,1,17-01-2024,0,05-03-2024
1059,0,23-01-2024,0,11-01-2024
1060,1,11-01-2024,0,25-02-2024
1061,1,13-01-2024,1,22-02-2024
1062,0,23-01-2024,0,08-02-2024
1063,1,18-02-2024,0,05-02-2024
1064,1,27-02-2024,0,16-01-2024
1065,1,13-02-2024,1,29-01-2024
1066,1,26-01-2024,0,28-02-2024
1067,1,22-01-2024,0,09-02-2024
1068,1,27-01-2024,0,01-02-2024
1069,0,06-01-2024,0,22-01-2024
1070,0,23-02-2024,0,26-01-2024
1071,0,23-02-2024,0,13-01-2024
1072,1,15-01-2024,0,06-03-2024
1073,1,04-02-2024,0,23-01-2024
1074,1,06-02-2024,0,29-01-2024
1075,1,18-01-2024,0,09-03-2024
1076,1,20-01-2024,0,22-01-2024
1077,1,15-01-2024,0,12-01-2024
1078,0,06-02-2024,0,04-02-2024
1079,1,11-01-2024,0,04-02-2024
1080,1,04-02-2024,1,27-01-2024
1081,1,21-02-2024,0,10-02-2024
1082,1,19-02-2024,0,23-01-2024
1083,1,20-02-2024,0,25-02-2024
1084,0,18-01-2024,1,12-01-2024
1085,1,01-02-2024,1,10-01-2024
1086,1,26-02-2024,0,04-02-2024
1087,1,16-02-2024,0,02-02-2024
1088,1,20-01-2024,0,27-02-2024
1089,1,23-01-2024,0,13-02-2024
1090,1,21-01-2024,1,23-01-2024
1091,1,03-03-2024,0,12-01-2024
1092,1,30-01-2024,0,22-01-2024
1093,1,10-01-2024,1,25-02-2024
1094,1,16-02-2024,1,28-02-2024
1095,1,22-02-2024,0,23-01-2024
1096,1,13-01-2024,0,30-01-2024
1097,0,23-02-2024,0,04-02-2024
1098,1,21-01-2024,1,12-01-2024
1099,0,04-02-2024,1,29-02-2024
1100,1,16-01-2024,0,18-02-2024
1101,0,27-01-2024,0,13-01-2024
1102,0,27-02-2024,1,14-02-2024
1103,0,27-02-2024,0,29-02-2024
1104,0,09-01-2024,0,21-02-2024
1105,0,16-02-2024,1,10-01-2024
1106,1,09-02-2024,0,18-02-2024
1107,1,03-03-2024,0,25-02-2024
1108,1,09-02-2024,1,11-02-2024
1109,1,07-01-2024,1,16-01-2024
1110,0,02-03-2024,0,02-03-2024
1111,1,28-01-2024,0,01-03-2024
1112,0,28-02-2024,0,01-03-2024
1113,0,01-03-2024,0,05-03-2024
1114,1,21-01-2024,0,20-01-2024
1115,0,12-02-2024,1,05-02-2024
1116,1,30-01-2024,0,23-01-2024
1117,0,08-01-2024,0,31-01-2024
1118,1,28-02-2024,0,25-01-2024
1119,1,18-02-2024,1,24-02-2024
1120,0,16-01-2024,0,21-01-2024
1121,1,05-01-2024,0,27-02-2024
1122,0,25-01-2024,0,24-02-2024
1123,1,23-01-2024,0,19-01-2024
1124,0,25-01-2024,0,02-02-2024
1125,1,25-02-2024,0,24-02-2024
1126,1,22-01-2024,0,27-01-2024
1127,0,16-02-2024,0,31-01-2024
1128,1,25-02-2024,0,18-01-2024
1129,1,07-01-2024,0,26-01-2024
1130,1,22-02-2024,0,16-02-2024
1131,1,17-02-2024,0,18-02-2024
1132,0,05-02-2024,0,07-03-2024
1133,1,14-01-2024,0,22-01-2024
1134,0,13-02-2024,0,28-02-2024
1135,0,19-01-2024,0,15-02-2024
1136,1,09-01-2024,0,15-01-2024
1137,1,08-01-2024,0,30-01-2024
1138,1,02-03-2024,1,29-02-2024
1139,0,01-02-2024,1,14-02-2024
1140,1,26-02-2024,0,16-01-2024
1141,0,25-02-2024,0,14-02-2024
1142,0,24-02-2024,0,03-02-2024
1143,0,26-02-2024,0,20-01-2024
1144,1,08-01-2024,0,22-02-2024
1145,1,19-01-2024,0,23-01-2024
1146,0,21-01-2024,0,23-02-2024
1147,1,17-02-2024,1,07-02-2024
1148,0,07-01-2024,0,19-01-2024
1149,1,14-01-2024,1,28-02-2024
1150,1,20-02-2024,1,26-02-2024
1151,1,15-02-2024,0,14-01-2024
1152,1,29-02-2024,0,17-01-2024
1153,1,27-01-2024,0,24-02-2024
1154,1,22-01-2024,0,14-01-2024
1155,1,05-01-2024,0,07-03-2024
1156,1,08-02-2024,0,09-03-2024
1157,0,26-02-2024,0,02-02-2024
1158,0,02-03-2024,1,18-02-2024
1159,1,04-02-2024,0,06-03-2024
1160,1,03-03-2024,1,04-02-2024
1161,0,17-02-2024,0,15-01-2024
1162,1,05-01-2024,1,25-01-2024
1163,1,07-01-2024,0,09-03-2024
1164,1,07-01-2024,0,14-02-2024
1165,1,10-02-2024,1,21-01-2024
1166,1,23-01-2024,0,20-01-2024
1167,1,02-02-2024,0,12-01-2024
1168,1,29-01-2024,0,22-02-2024
1169,1,06-02-2024,0,15-02-2024
1170,1,09-02-2024,0,15-01-2024
1171,1,02-02-2024,1,28-01-2024
1172,0,02-03-2024,0,27-01-2024
1173,1,30-01-2024,0,25-01-2024
1174,1,08-01-2024,1,01-02-2024
1175,0,22-02-2024,0,21-02-2024
1176,0,18-01-2024,0,15-02-2024
1177,1,23-02-2024,1,18-01-2024
1178,1,31-01-2024,0,12-01-2024
1179,0,06-02-2024,0,17-01-2024
1180,0,26-01-2024,0,16-02-2024
1181,0,21-02-2024,0,13-01-2024
1182,1,07-01-2024,0,21-01-2024
1183,0,27-01-2024,0,22-02-2024
1184,0,25-01-2024,1,09-02-2024
1185,1,14-02-2024,0,03-02-2024
1186,1,27-01-2024,0,02-03-2024
1187,1,08-01-2024,1,25-01-2024
1188,0,25-01-2024,0,20-02-2024
1189,1,10-02-2024,1,03-03-2024
1190,1,16-02-2024,0,23-01-2024
1191,1,04-02-2024,1,22-01-2024
1192,1,25-01-2024,0,19-02-2024
1193,1,30-01-2024,0,16-01-2024
1194,0,14-02-2024,0,21-01-2024
1195,1,02-03-2024,0,15-02-2024
1196,0,08-02-2024,1,28-02-2024
1197,1,11-02-2024,0,13-01-2024
1198,0,28-01-2024,0,11-01-2024
1199,0,15-01-2024,1,13-02-2024
1200,1,14-02-2024,0,07-03-2024
1201,0,02-02-2024,0,22-02-2024
1202,1,20-02-2024,0,12-01-2024
1203,0,28-02-2024,0,13-01-2024
1204,0,04-03-2024,0,16-02-2024
1205,1,07-01-2024,1,21-01-2024
1206,1,05-01-2024,0,28-01-2024
1207,1,25-02-2024,0,19-01-2024
1208,0,27-02-2024,1,10-01-2024
1209,1,23-01-2024,0,26-01-2024
1210,1,19-02-2024,0,25-01-2024
1211,1,22-02-2024,0,18-01-2024
1212,1,26-01-2024,0,06-03-2024
1213,1,18-01-2024,0,02-03-2024
1214,1,22-02-2024,0,18-01-2024
1215,1,01-03-2024,0,08-03-2024
1216,1,03-03-2024,1,04-03-2024
1217,1,18-01-2024,0,18-01-2024
1218,0,17-02-2024,1,21-01-2024
1219,0,20-01-2024,0,04-03-2024
1220,1,06-02-2024,0,19-02-2024
1221,0,17-01-2024,0,24-01-2024
1222,0,11-02-2024,1,11-01-2024
1223,0,22-02-2024,0,20-01-2024
1224,0,16-01-2024,0,20-01-2024
1225,1,28-02-2024,1,17-01-2024
1226,1,24-02-2024,0,04-03-2024
1227,1,11-02-2024,1,10-02-2024
1228,0,12-02-2024,0,15-01-2024
1229,1,06-02-2024,1,02-03-2024
1230,1,06-02-2024,1,29-01-2024
1231,1,02-02-2024,0,17-02-2024
1232,1,09-01-2024,0,13-02-2024
1233,0,10-01-2024,0,17-01-2024
1234,1,04-02-2024,1,28-02-2024
1235,1,20-01-2024,0,27-02-2024
1236,1,04-02-2024,0,21-02-2024
1237,1,29-01-2024,0,12-02-2024
1238,0,21-02-2024,0,06-03-2024
1239,1,19-02-2024,0,02-03-2024
1240,1,06-02-2024,0,08-03-2024
1241,0,17-01-2024,0,05-03-2024
1242,1,25-02-2024,0,28-01-2024
1243,0,14-01-2024,0,16-01-2024
1244,0,28-01-2024,0,09-02-2024
1245,0,14-01-2024,1,27-01-2024
1246,0,14-02-2024,1,18-02-2024
1247,1,04-02-2024,0,23-01-2024
1248,0,17-01-2024,0,17-02-2024
1249,0,07-01-2024,0,09-03-2024
1250,1,03-03-2024,0,02-03-2024
1251,1,23-02-2024,0,09-03-2024
1252,1,25-02-2024,0,08-03-2024
1253,1,07-02-2024,0,14-02-2024
1254,1,22-02-2024,1,26-01-2024
1255,0,01-02-2024,0,15-02-2024
1256,1,23-01-2024,0,22-02-2024
1257,0,27-01-2024,0,18-01-2024
1258,1,18-02-2024,1,07-03-2024
1259,0,05-02-2024,0,29-01-2024
1260,1,17-01-2024,0,23-02-2024
1261,1,06-02-2024,0,06-03-2024
1262,1,07-02-2024,0,06-02-2024
1263,0,06-02-2024,0,28-02-2024
1264,1,29-02-2024,0,29-01-2024
1265,1,09-01-2024,0,19-02-2024
1266,1,29-02-2024,0,14-02-2024
1267,0,07-01-2024,0,02-03-2024
1268,0,04-03-2024,1,05-02-2024
1269,1,11-01-2024,0,17-01-2024
1270,1,28-01-2024,1,10-02-2024
1271,1,26-01-2024,0,10-01-2024
1272,1,18-02-2024,0,26-01-2024
1273,1,27-01-2024,0,06-03-2024
1274,1,03-02-2024,0,18-01-2024
1275,1,04-03-2024,1,29-01-2024
1276,0,22-01-2024,1,23-02-2024
1277,1,05-02-2024,0,10-02-2024
1278,0,29-02-2024,0,11-01-2024
1279,0,26-02-2024,0,10-02-2024
1280,0,11-01-2024,0,23-02-2024
1281,0,06-02-2024,0,18-01-2024
1282,1,09-01-2024,0,08-02-2024
1283,1,22-02-2024,1,29-01-2024
1284,1,01-02-2024,0,16-02-2024
1285,0,12-01-2024,1,09-03-2024
1286,1,19-01-2024,1,10-01-2024
1287,0,25-02-2024,1,09-03-2024
1288,1,08-01-2024,0,06-03-2024
1289,1,07-02-2024,0,14-01-2024
1290,1,09-01-2024,0,13-02-2024
1291,1,06-02-2024,0,14-02-2024
1292,1,01-03-2024,0,10-01-2024
1293,0,09-01-2024,1,23-01-2024
1294,1,11-02-2024,1,18-01-2024
1295,1,07-02-2024,1,08-02-2024
1296,0,02-03-2024,1,02-02-2024
1297,1,30-01-2024,0,13-01-2024
1298,1,05-01-2024,0,28-02-2024
1299,1,08-01-2024,0,23-01-2024
1300,0,12-02-2024,0,03-02-2024
1301,0,27-02-2024,1,13-01-2024
1302,1,30-01-2024,0,03-02-2024
1303,0,06-02-2024,0,19-01-2024
1304,1,06-02-2024,0,13-02-2024
1305,1,12-01-2024,0,04-03-2024
1306,1,24-01-2024,0,16-01-2024
1307,1,20-01-2024,1,20-02-2024
1308,1,25-01-2024,0,22-01-2024
1309,0,18-02-2024,0,13-01-2024
1310,0,28-02-2024,0,28-02-2024
1311,1,29-02-2024,0,21-02-2024
1312,1,30-01-2024,0,06-03-2024
1313,1,27-01-2024,1,14-02-2024
1314,1,22-01-2024,0,05-03-2024
1315,1,04-02-2024,0,23-01-2024
1316,0,25-02-2024,0,27-01-2024
1317,0,15-02-2024,0,17-01-2024
1318,0,16-01-2024,0,10-02-2024
1319,1,05-01-2024,0,05-02-2024
1320,1,15-02-2024,0,20-02-2024
1321,1,13-01-2024,1,15-02-2024
1322,1,07-01-2024,0,01-02-2024
1323,1,04-03-2024,0,16-01-2024
1324,1,24-02-2024,0,21-01-2024
1325,0,30-01-2024,0,03-02-2024
1326,1,13-01-2024,1,12-01-2024
1327,1,15-02-2024,1,04-02-2024
1328,0,24-02-2024,0,13-01-2024
1329,1,20-01-2024,1,20-02-2024
1330,1,28-01-2024,1,14-02-2024
1331,0,23-02-2024,1,24-01-2024
1332,1,18-01-2024,0,10-02-2024
1333,1,07-01-2024,0,07-02-2024
1334,0,07-02-2024,0,19-01-2024
1335,1,06-02-2024,1,30-01-2024
1336,0,23-02-2024,0,03-03-2024
1337,1,28-01-2024,0,25-01-2024
1338,0,13-01-2024,0,25-02-2024
1339,1,17-01-2024,0,28-01-2024
1340,1,06-01-2024,0,07-02-2024
1341,0,11-01-2024,1,01-03-2024
1342,1,21-02-2024,0,29-02-2024
1343,1,25-01-2024,1,27-01-2024
1344,1,23-01-2024,0,07-03-2024
1345,1,29-01-2024,0,22-02-2024
1346,1,20-02-2024,0,06-03-2024
1347,0,26-01-2024,0,25-01-2024
1348,0,15-01-2024,0,10-01-2024
1349,1,06-02-2024,0,26-02-2024
1350,1,05-02-2024,0,11-01-2024
1351,0,25-01-2024,1,05-03-2024
1352,1,12-02-2024,0,24-01-2024
1353,0,24-01-2024,0,17-02-2024
1354,1,12-01-2024,0,06-02-2024
1355,0,15-02-2024,0,10-01-2024
1356,0,10-02-2024,0,14-01-2024
1357,1,13-01-2024,0,20-02-2024
1358,0,29-01-2024,0,31-01-2024
1359,1,29-01-2024,0,02-03-2024
1360,0,06-02-2024,0,14-02-2024
1361,1,06-01-2024,1,24-02-2024
1362,1,23-01-2024,0,22-01-2024
1363,0,19-02-2024,0,10-01-2024
1364,1,24-01-2024,1,25-01-2024
1365,1,15-02-2024,0,04-03-2024
1366,1,14-02-2024,0,19-02-2024
1367,1,15-02-2024,0,31-01-2024
1368,1,02-02-2024,0,10-02-2024
1369,0,10-01-2024,0,25-01-2024
1370,0,21-01-2024,0,29-02-2024
1371,1,04-03-2024,1,24-01-2024
1372,1,29-01-2024,1,07-03-2024
1373,0,11-02-2024,0,24-02-2024
1374,1,08-01-2024,0,01-03-2024
1375,1,03-02-2024,0,20-02-2024
1376,1,24-01-2024,0,02-03-2024
1377,0,07-01-2024,0,21-01-2024
1378,1,27-01-2024,0,09-03-2024
1379,0,24-02-2024,0,10-01-2024
1380,1,22-01-2024,0,02-03-2024
1381,1,30-01-2024,1,26-01-2024
1382,1,29-02-2024,0,19-02-2024
1383,0,09-02-2024,1,04-03-2024
1384,0,12-01-2024,1,29-02-2024
1385,1,21-01-2024,0,06-03-2024
1386,1,04-02-2024,1,28-02-2024
1387,0,10-02-2024,0,06-02-2024
1388,1,18-02-2024,0,16-01-2024
1389,0,01-03-2024,0,18-01-2024
1390,0,06-02-2024,0,31-01-2024
1391,0,31-01-2024,0,04-02-2024
1392,0,18-02-2024,0,02-03-2024
1393,0,08-01-2024,0,21-01-2024
1394,1,26-01-2024,0,16-01-2024
1395,1,30-01-2024,0,24-02-2024
1396,1,05-02-2024,0,25-02-2024
1397,0,28-01-2024,0,24-01-2024
1398,0,19-02-2024,0,16-02-2024
1399,0,08-02-2024,0,30-01-2024
1400,0,10-02-2024,0,23-01-2024
1401,1,05-02-2024,1,11-01-2024
1402,1,11-01-2024,0,17-01-2024
1403,0,06-02-2024,0,23-02-2024
1404,0,04-02-2024,0,04-03-2024
1405,0,28-02-2024,1,15-01-2024
1406,0,16-01-2024,0,15-02-2024
1407,1,15-01-2024,0,15-02-2024
1408,0,28-01-2024,0,06-03-2024
1409,1,12-01-2024,0,11-02-2024
1410,1,05-02-2024,0,19-02-2024
1411,1,01-03-2024,0,15-01-2024
1412,1,11-02-2024,1,01-03-2024
1413,1,04-03-2024,0,04-02-2024
1414,0,26-01-2024,0,17-02-2024
1415,1,07-02-2024,1,19-02-2024
1416,1,23-01-2024,0,15-02-2024
1417,0,25-02-2024,1,23-01-2024
1418,1,24-01-2024,0,15-02-2024
1419,1,29-02-2024,1,17-01-2024
1420,1,18-01-2024,0,17-02-2024
1421,0,06-02-2024,1,22-01-2024
1422,0,14-01-2024,1,22-01-2024
1423,1,20-01-2024,0,18-02-2024
1424,0,08-01-2024,0,21-02-2024
1425,1,31-01-2024,0,06-02-2024
1426,1,01-02-2024,1,07-03-2024
1427,0,16-02-2024,0,27-01-2024
1428,1,20-01-2024,0,06-03-2024
1429,1,03-03-2024,0,28-01-2024
1430,0,25-02-2024,0,16-02-2024
1431,1,06-02-2024,0,10-02-2024
1432,1,21-02-2024,1,31-01-2024
1433,1,23-01-2024,0,11-01-2024
1434,1,25-01-2024,1,09-03-2024
1435,1,26-01-2024,0,22-01-2024
1436,1,13-01-2024,0,01-02-2024
1437,1,13-01-2024,0,03-02-2024
1438,1,13-01-2024,0,06-02-2024
1439,1,31-01-2024,1,07-03-2024
1440,1,21-01-2024,1,20-01-2024
1441,0,17-02-2024,0,11-02-2024
1442,1,01-03-2024,0,02-02-2024
1443,1,18-02-2024,0,11-01-2024
1444,0,12-01-2024,1,08-02-2024
1445,1,20-01-2024,1,26-01-2024
1446,0,22-01-2024,1,18-02-2024
1447,0,03-03-2024,0,12-02-2024
1448,1,06-02-2024,0,16-02-2024
1449,1,05-01-2024,0,31-01-2024
1450,0,16-01-2024,0,14-01-2024
1451,1,10-01-2024,0,26-02-2024
1452,1,14-02-2024,0,18-02-2024
1453,0,28-02-2024,0,29-02-2024
1454,1,09-01-2024,1,25-01-2024
1455,1,03-03-2024,1,22-01-2024
1456,1,20-01-2024,0,04-02-2024
1457,1,22-01-2024,0,09-02-2024
1458,1,22-02-2024,0,01-03-2024
1459,0,22-01-2024,1,17-02-2024
1460,0,05-01-2024,1,26-02-2024
1461,1,23-01-2024,1,01-02-2024
1462,1,27-02-2024,1,26-02-2024
1463,0,12-01-2024,0,21-01-2024
1464,1,07-01-2024,0,23-01-2024
1465,1,02-03-2024,0,05-03-2024
1466,0,29-01-2024,0,27-01-2024
1467,0,02-03-2024,1,05-02-2024
1468,0,09-01-2024,0,06-02-2024
1469,1,28-02-2024,0,27-01-2024
1470,0,13-02-2024,0,25-01-2024
1471,1,23-01-2024,1,01-03-2024
1472,1,22-01-2024,0,25-01-2024
1473,1,23-02-2024,0,22-01-2024
1474,0,26-02-2024,0,07-03-2024
1475,1,04-02-2024,0,07-02-2024
1476,1,06-02-2024,0,18-01-2024
1477,1,20-02-2024,1,04-02-2024
1478,1,22-01-2024,0,06-02-2024
1479,1,01-03-2024,1,19-02-2024
1480,1,12-02-2024,0,22-01-2024
1481,0,20-01-2024,0,14-02-2024
1482,0,20-01-2024,1,18-01-2024
1483,0,20-02-2024,0,25-02-2024
1484,1,11-02-2024,0,23-01-2024
1485,0,14-02-2024,1,29-02-2024
1486,0,11-01-2024,0,21-01-2024
1487,1,18-01-2024,1,02-03-2024
1488,0,16-02-2024,0,07-03-2024
1489,0,26-02-2024,0,06-03-2024
1490,0,21-02-2024,0,10-02-2024
1491,1,29-01-2024,1,16-02-2024
1492,1,05-02-2024,0,12-01-2024
1493,0,11-02-2024,1,07-03-2024
1494,1,26-01-2024,1,06-03-2024
1495,1,03-03-2024,0,03-03-2024
1496,1,20-01-2024,0,01-03-2024
1497,1,25-02-2024,0,25-01-2024
1498,1,02-02-2024,0,29-01-2024
1499,1,20-01-2024,0,10-02-2024
1500,0,16-01-2024,0,05-03-2024
