impression_id,user_id,video_id,timestamp,impression_type
1,58,269,2026-02-18 22:31:48,share
2,124,258,2026-02-14 20:02:03,reel
3,166,29,2026-02-08 15:47:18,reel
4,15,213,2026-02-22 06:31:19,feed
5,162,283,2026-02-27 08:53:41,share
6,189,50,2026-02-15 16:27:28,feed
7,163,95,2026-02-26 16:15:38,reel
8,64,88,2026-02-01 09:06:52,share
9,25,44,2026-02-27 22:09:30,share
10,24,278,2026-02-15 12:48:05,reel
11,12,171,2026-02-06 00:41:13,feed
12,18,189,2026-02-07 12:27:37,feed
13,15,184,2026-02-13 20:07:30,share
14,27,3,2026-02-06 14:29:02,reel
15,72,191,2026-02-06 04:42:21,share
16,60,118,2026-02-27 20:33:08,reel
17,174,19,2026-02-08 13:06:35,feed
18,145,23,2026-02-14 05:18:31,reel
19,93,30,2026-02-14 16:16:11,feed
20,53,295,2026-02-11 05:24:04,reel
21,8,108,2026-02-17 15:29:04,share
22,79,281,2026-02-10 21:12:29,feed
23,27,128,2026-02-13 19:33:48,share
24,174,229,2026-02-25 12:50:39,share
25,50,111,2026-02-24 17:10:51,feed
26,199,136,2026-02-13 04:34:38,feed
27,131,186,2026-02-03 11:11:06,share
28,93,144,2026-02-05 11:32:07,share
29,192,72,2026-02-21 13:30:05,share
30,172,129,2026-02-14 10:21:20,share
31,181,261,2026-02-03 03:21:53,feed
32,24,3,2026-02-01 04:07:51,feed
33,60,104,2026-02-17 04:37:17,share
34,122,224,2026-02-07 08:24:57,reel
35,131,10,2026-02-13 17:12:00,reel
36,148,231,2026-02-08 20:15:23,feed
37,46,219,2026-02-22 10:46:32,share
38,15,66,2026-02-27 18:45:15,share
39,153,112,2026-02-21 18:17:28,feed
40,199,13,2026-02-01 11:15:57,reel
41,17,86,2026-02-06 10:20:33,reel
42,126,234,2026-02-04 15:39:55,reel
43,84,90,2026-02-08 05:39:38,feed
44,9,54,2026-02-27 11:39:31,reel
45,166,12,2026-02-02 17:58:32,feed
46,176,209,2026-02-18 22:10:04,feed
47,188,14,2026-02-27 19:44:18,share
48,63,121,2026-02-08 04:32:30,reel
49,117,20,2026-02-21 20:44:16,feed
50,130,75,2026-02-07 04:29:05,reel
51,88,243,2026-02-03 00:44:02,reel
52,72,223,2026-02-15 23:08:49,share
53,139,70,2026-02-18 16:50:59,reel
54,64,211,2026-02-02 22:28:51,share
55,72,101,2026-02-18 08:52:40,feed
56,21,186,2026-02-11 04:45:24,reel
57,18,132,2026-02-13 02:43:23,feed
58,64,111,2026-02-05 23:45:47,reel
59,82,132,2026-02-18 04:03:55,feed
60,110,20,2026-02-20 17:27:50,reel
61,95,24,2026-02-08 12:04:03,reel
62,166,227,2026-02-12 11:49:08,reel
63,32,154,2026-02-08 21:19:41,reel
64,11,293,2026-02-09 14:16:51,reel
65,45,230,2026-02-21 00:21:28,reel
66,33,202,2026-02-02 04:52:41,reel
67,102,38,2026-02-09 16:58:13,reel
68,169,260,2026-02-17 03:01:26,reel
69,136,188,2026-02-20 23:40:50,feed
70,11,57,2026-02-13 01:08:08,share
71,179,20,2026-02-13 22:51:04,reel
72,88,273,2026-02-08 17:28:44,share
73,41,119,2026-02-06 05:56:25,reel
74,145,71,2026-02-19 13:41:36,reel
75,76,4,2026-02-02 21:07:02,feed
76,121,221,2026-02-23 20:23:37,feed
77,46,14,2026-02-11 19:09:14,share
78,160,3,2026-02-10 16:31:09,feed
79,80,216,2026-02-23 08:17:31,feed
80,54,229,2026-02-17 23:22:53,share
81,86,186,2026-02-15 19:34:23,feed
82,92,55,2026-02-12 01:10:04,reel
83,148,254,2026-02-11 19:43:29,share
84,161,24,2026-02-02 03:34:15,share
85,168,162,2026-02-10 09:00:45,reel
86,160,158,2026-02-20 08:14:47,feed
87,97,82,2026-02-16 22:27:10,share
88,2,159,2026-02-14 12:35:45,share
89,33,188,2026-02-04 08:52:51,reel
90,158,60,2026-02-14 13:12:15,reel
91,161,211,2026-02-18 01:06:53,feed
92,77,152,2026-02-25 17:30:02,share
93,116,109,2026-02-20 09:39:32,feed
94,154,76,2026-02-27 00:44:11,feed
95,150,30,2026-02-17 01:49:03,reel
96,103,117,2026-02-02 08:09:25,share
97,194,192,2026-02-06 14:22:58,share
98,166,19,2026-02-13 16:20:15,share
99,103,173,2026-02-09 16:02:47,reel
100,90,228,2026-02-13 21:17:26,reel
101,174,183,2026-02-02 20:34:22,reel
102,122,113,2026-02-06 06:17:53,reel
103,143,183,2026-02-22 02:18:12,reel
104,106,146,2026-02-17 18:45:16,share
105,119,116,2026-02-16 05:27:38,feed
106,172,113,2026-02-22 04:26:08,share
107,49,251,2026-02-25 19:51:03,feed
108,104,251,2026-02-06 14:44:13,reel
109,61,118,2026-02-19 16:47:06,feed
110,195,161,2026-02-10 05:27:28,share
111,123,198,2026-02-13 08:46:23,share
112,134,260,2026-02-03 03:42:50,feed
113,9,148,2026-02-22 04:02:37,reel
114,6,240,2026-02-01 01:58:13,reel
115,73,47,2026-02-26 05:45:03,share
116,103,198,2026-02-27 03:20:31,feed
117,160,47,2026-02-10 13:33:45,reel
118,41,78,2026-02-18 16:20:55,reel
119,114,124,2026-02-21 22:29:52,share
120,8,75,2026-02-04 09:31:31,reel
121,72,137,2026-02-17 00:42:39,feed
122,178,90,2026-02-16 05:44:17,share
123,92,61,2026-02-07 01:11:56,share
124,62,138,2026-02-15 13:54:02,feed
125,84,50,2026-02-25 14:50:25,share
126,62,259,2026-02-16 00:20:33,reel
127,111,107,2026-02-20 19:48:44,reel
128,127,113,2026-02-16 20:01:50,feed
129,7,254,2026-02-20 12:49:49,reel
130,84,118,2026-02-15 08:27:47,feed
131,132,198,2026-02-27 21:56:14,feed
132,134,51,2026-02-07 04:18:03,reel
133,58,245,2026-02-10 07:30:35,feed
134,22,35,2026-02-21 09:51:19,reel
135,154,69,2026-02-19 09:44:10,share
136,127,49,2026-02-09 10:45:23,share
137,3,74,2026-02-15 14:37:55,feed
138,127,192,2026-02-20 17:06:42,reel
139,41,261,2026-02-27 14:23:35,reel
140,188,70,2026-02-01 00:28:22,share
141,106,90,2026-02-15 18:02:23,share
142,14,260,2026-02-14 22:16:43,reel
143,12,126,2026-02-11 04:52:50,feed
144,87,231,2026-02-21 20:51:21,share
145,12,295,2026-02-16 15:26:51,feed
146,141,129,2026-02-23 13:45:01,feed
147,25,280,2026-02-22 10:43:04,share
148,45,100,2026-02-22 11:09:12,feed
149,122,297,2026-02-11 08:58:48,feed
150,147,182,2026-02-25 19:33:39,reel
151,55,174,2026-02-23 23:18:06,feed
152,100,188,2026-02-09 05:42:17,reel
153,173,57,2026-02-05 02:47:38,share
154,136,31,2026-02-14 18:38:06,share
155,119,84,2026-02-26 00:32:42,reel
156,53,152,2026-02-17 06:31:21,share
157,183,36,2026-02-05 12:48:14,feed
158,32,213,2026-02-12 09:38:30,feed
159,51,106,2026-02-16 01:39:53,feed
160,44,220,2026-02-11 21:43:31,share
161,82,163,2026-02-10 16:00:11,feed
162,198,220,2026-02-08 03:40:47,share
163,146,270,2026-02-02 04:27:27,feed
164,150,120,2026-02-03 05:50:34,reel
165,37,182,2026-02-12 21:15:44,share
166,96,106,2026-02-24 01:34:26,share
167,56,217,2026-02-04 12:51:03,feed
168,105,205,2026-02-23 02:35:53,share
169,59,70,2026-02-21 02:51:31,share
170,131,44,2026-02-10 10:32:00,reel
171,156,228,2026-02-19 15:22:02,reel
172,35,184,2026-02-24 23:59:28,feed
173,189,107,2026-02-20 09:37:45,reel
174,93,84,2026-02-12 20:15:44,feed
175,182,250,2026-02-08 03:55:59,feed
176,191,21,2026-02-01 06:27:36,feed
177,97,196,2026-02-06 04:10:59,share
178,135,178,2026-02-21 15:19:52,reel
179,76,7,2026-02-11 14:58:06,feed
180,49,70,2026-02-09 12:55:22,reel
181,94,127,2026-02-26 03:27:52,feed
182,159,160,2026-02-23 13:14:23,reel
183,186,248,2026-02-03 10:30:31,reel
184,189,203,2026-02-13 02:20:13,feed
185,24,148,2026-02-06 21:23:34,share
186,148,143,2026-02-23 03:48:59,reel
187,37,199,2026-02-07 11:21:04,share
188,4,154,2026-02-23 13:20:54,share
189,108,142,2026-02-26 18:48:48,feed
190,126,165,2026-02-16 09:40:44,feed
191,20,21,2026-02-22 11:38:07,feed
192,188,82,2026-02-25 12:06:33,reel
193,152,69,2026-02-21 17:11:20,feed
194,50,131,2026-02-27 14:19:01,feed
195,177,87,2026-02-22 15:31:37,reel
196,179,218,2026-02-08 17:25:56,reel
197,96,161,2026-02-24 01:02:08,feed
198,105,178,2026-02-22 20:22:09,feed
199,164,117,2026-02-13 13:58:48,feed
200,117,196,2026-02-13 00:03:18,feed
201,98,86,2026-02-14 11:05:28,share
202,66,289,2026-02-26 07:21:29,share
203,79,81,2026-02-24 12:35:47,feed
204,162,152,2026-02-12 14:44:29,share
205,164,61,2026-02-14 07:55:45,reel
206,6,61,2026-02-22 08:29:19,share
207,39,28,2026-02-04 18:16:28,share
208,170,43,2026-02-14 20:53:50,feed
209,115,169,2026-02-12 09:12:17,share
210,186,86,2026-02-14 04:34:15,share
211,125,177,2026-02-17 07:17:26,share
212,12,17,2026-02-16 12:29:19,share
213,131,98,2026-02-27 05:19:22,reel
214,18,198,2026-02-04 21:52:47,feed
215,40,98,2026-02-07 17:13:02,feed
216,21,65,2026-02-08 07:43:49,reel
217,143,5,2026-02-12 05:26:20,share
218,99,2,2026-02-19 14:16:06,reel
219,26,22,2026-02-08 10:01:51,share
220,8,112,2026-02-11 09:16:23,reel
221,100,57,2026-02-04 02:49:55,feed
222,87,66,2026-02-21 03:21:22,feed
223,42,98,2026-02-20 18:53:15,feed
224,172,144,2026-02-17 01:30:17,share
225,14,125,2026-02-27 08:11:16,share
226,78,167,2026-02-23 14:50:28,reel
227,2,86,2026-02-21 04:24:43,reel
228,119,76,2026-02-04 00:32:41,feed
229,37,294,2026-02-11 00:58:46,share
230,69,59,2026-02-21 09:30:09,reel
231,166,138,2026-02-19 21:46:24,share
232,41,99,2026-02-01 22:45:22,share
233,62,192,2026-02-19 11:10:33,feed
234,60,243,2026-02-24 03:43:18,feed
235,125,49,2026-02-01 06:52:09,share
236,111,32,2026-02-18 01:49:43,share
237,14,277,2026-02-15 11:54:32,share
238,84,20,2026-02-19 22:22:02,share
239,130,154,2026-02-21 08:11:42,feed
240,70,68,2026-02-27 03:04:20,reel
241,145,214,2026-02-27 12:17:24,feed
242,123,143,2026-02-11 16:56:46,reel
243,89,232,2026-02-24 16:49:42,share
244,28,213,2026-02-11 15:38:41,reel
245,66,79,2026-02-14 05:59:33,feed
246,163,214,2026-02-22 03:47:08,feed
247,5,116,2026-02-24 13:48:50,share
248,193,92,2026-02-02 09:48:58,feed
249,168,270,2026-02-19 21:03:05,share
250,184,168,2026-02-17 07:37:09,feed
251,164,58,2026-02-20 15:03:47,feed
252,45,284,2026-02-09 00:17:27,share
253,151,26,2026-02-23 16:32:56,reel
254,47,66,2026-02-07 04:41:49,feed
255,31,248,2026-02-26 22:17:56,reel
256,139,254,2026-02-02 07:25:05,feed
257,10,44,2026-02-20 03:04:00,feed
258,195,97,2026-02-02 07:34:34,feed
259,118,42,2026-02-05 01:48:21,feed
260,14,227,2026-02-21 19:22:12,reel
261,80,262,2026-02-07 14:06:04,reel
262,93,167,2026-02-23 09:55:03,feed
263,10,279,2026-02-09 19:43:46,feed
264,76,89,2026-02-03 10:35:09,reel
265,94,178,2026-02-13 15:06:14,share
266,105,197,2026-02-19 09:41:16,share
267,1,267,2026-02-16 21:23:36,reel
268,133,268,2026-02-11 06:36:07,feed
269,20,74,2026-02-23 01:45:47,feed
270,8,8,2026-02-16 20:48:10,share
271,171,297,2026-02-17 09:12:59,share
272,1,164,2026-02-19 09:42:50,reel
273,57,85,2026-02-14 12:11:32,share
274,64,72,2026-02-21 11:09:31,reel
275,118,55,2026-02-13 05:55:03,share
276,28,47,2026-02-04 23:25:39,share
277,121,238,2026-02-23 19:56:49,share
278,107,104,2026-02-01 22:34:59,feed
279,165,210,2026-02-27 04:28:07,feed
280,175,42,2026-02-03 12:41:02,feed
281,165,268,2026-02-17 23:44:00,share
282,49,263,2026-02-11 21:14:15,reel
283,120,259,2026-02-04 07:56:46,reel
284,44,283,2026-02-02 22:54:14,reel
285,56,114,2026-02-02 12:09:09,reel
286,156,40,2026-02-13 00:06:21,feed
287,111,220,2026-02-10 16:16:19,feed
288,134,129,2026-02-01 23:44:39,share
289,108,8,2026-02-08 09:32:17,share
290,189,101,2026-02-12 13:55:30,reel
291,148,176,2026-02-07 03:03:29,feed
292,114,107,2026-02-23 23:44:19,reel
293,78,101,2026-02-06 13:16:24,share
294,130,260,2026-02-11 13:56:49,share
295,37,246,2026-02-23 13:48:13,reel
296,20,275,2026-02-13 10:32:43,share
297,26,32,2026-02-18 21:47:38,reel
298,29,137,2026-02-09 03:29:18,feed
299,1,12,2026-02-06 13:26:25,reel
300,119,16,2026-02-08 22:48:03,feed
301,35,129,2026-02-16 02:23:11,feed
302,198,63,2026-02-06 05:56:39,share
303,59,109,2026-02-02 05:55:03,share
304,69,21,2026-02-16 03:27:23,share
305,161,158,2026-02-19 05:15:51,reel
306,179,269,2026-02-20 06:08:09,reel
307,12,162,2026-02-10 15:04:15,share
308,20,260,2026-02-04 16:32:32,reel
309,181,102,2026-02-12 18:56:24,share
310,43,223,2026-02-05 22:43:25,reel
311,126,59,2026-02-15 15:22:09,feed
312,50,247,2026-02-06 21:02:21,feed
313,29,128,2026-02-02 23:50:56,share
314,185,283,2026-02-17 20:31:18,reel
315,39,25,2026-02-26 20:41:35,reel
316,184,131,2026-02-21 19:05:47,feed
317,171,196,2026-02-18 23:44:46,feed
318,178,281,2026-02-04 08:20:25,share
319,151,154,2026-02-25 13:29:13,feed
320,172,133,2026-02-17 13:33:47,share
321,38,227,2026-02-01 14:44:26,feed
322,84,189,2026-02-21 09:24:14,feed
323,151,265,2026-02-24 19:07:34,reel
324,128,134,2026-02-06 02:57:42,feed
325,126,211,2026-02-22 01:05:28,feed
326,45,60,2026-02-18 13:58:46,share
327,52,213,2026-02-23 07:38:06,feed
328,80,216,2026-02-08 10:14:51,share
329,178,226,2026-02-22 03:22:45,feed
330,124,131,2026-02-09 13:12:51,feed
331,119,76,2026-02-26 07:52:44,share
332,8,286,2026-02-14 02:40:07,reel
333,85,277,2026-02-27 03:01:00,share
334,129,156,2026-02-24 11:18:55,share
335,8,248,2026-02-23 13:37:01,share
336,157,218,2026-02-22 03:28:51,reel
337,96,190,2026-02-14 00:42:12,feed
338,102,163,2026-02-16 15:30:43,share
339,5,180,2026-02-12 22:01:21,share
340,86,34,2026-02-05 04:58:10,reel
341,175,41,2026-02-14 12:58:29,share
342,34,75,2026-02-22 21:13:20,feed
343,193,279,2026-02-12 20:07:17,reel
344,55,176,2026-02-23 13:25:28,feed
345,119,150,2026-02-19 09:33:16,feed
346,171,273,2026-02-17 07:55:49,reel
347,158,108,2026-02-02 09:26:16,share
348,114,139,2026-02-24 23:54:31,feed
349,145,271,2026-02-16 18:40:08,feed
350,26,289,2026-02-09 19:51:31,feed
351,136,212,2026-02-24 16:02:12,feed
352,47,272,2026-02-11 07:08:15,reel
353,113,66,2026-02-18 05:24:03,reel
354,76,248,2026-02-13 13:00:08,feed
355,72,156,2026-02-17 12:31:24,share
356,89,47,2026-02-14 13:49:32,feed
357,46,201,2026-02-14 09:52:34,share
358,196,148,2026-02-27 23:32:36,feed
359,33,124,2026-02-01 11:49:36,share
360,1,1,2026-02-26 01:54:51,feed
361,147,247,2026-02-10 06:35:48,share
362,31,128,2026-02-05 03:44:46,feed
363,142,191,2026-02-12 17:12:00,feed
364,53,67,2026-02-20 17:31:23,share
365,48,4,2026-02-24 17:14:04,reel
366,69,294,2026-02-27 22:49:37,share
367,105,143,2026-02-12 15:59:51,reel
368,90,191,2026-02-24 02:41:19,feed
369,190,21,2026-02-24 19:50:53,share
370,194,227,2026-02-22 18:09:40,share
371,192,117,2026-02-01 20:05:23,share
372,198,142,2026-02-05 12:24:54,reel
373,63,39,2026-02-15 06:48:33,reel
374,73,252,2026-02-11 18:10:42,feed
375,161,207,2026-02-20 15:09:41,reel
376,169,210,2026-02-12 19:28:15,reel
377,89,115,2026-02-15 20:45:21,feed
378,176,225,2026-02-18 21:56:23,share
379,13,134,2026-02-23 23:23:18,share
380,73,251,2026-02-27 20:50:33,feed
381,77,219,2026-02-26 18:34:07,share
382,159,91,2026-02-17 16:30:23,reel
383,68,46,2026-02-21 15:44:52,feed
384,98,38,2026-02-27 17:14:56,feed
385,125,142,2026-02-17 01:23:59,feed
386,102,100,2026-02-18 01:53:20,share
387,132,190,2026-02-23 00:39:05,feed
388,102,35,2026-02-14 03:38:25,feed
389,19,147,2026-02-15 21:14:30,feed
390,198,30,2026-02-13 04:54:23,share
391,82,84,2026-02-12 04:35:46,reel
392,141,281,2026-02-06 20:34:27,feed
393,23,270,2026-02-10 08:22:37,reel
394,83,154,2026-02-16 07:38:24,share
395,109,102,2026-02-06 19:17:28,share
396,75,215,2026-02-27 00:19:36,share
397,129,150,2026-02-09 23:42:54,share
398,88,83,2026-02-10 07:09:41,reel
399,54,110,2026-02-11 12:06:22,feed
400,199,275,2026-02-24 12:07:56,share
401,89,201,2026-02-14 10:08:43,share
402,143,284,2026-02-26 11:14:46,reel
403,65,173,2026-02-14 17:43:02,reel
404,76,206,2026-02-05 21:07:17,share
405,199,63,2026-02-10 10:09:48,feed
406,143,73,2026-02-15 09:09:07,feed
407,149,251,2026-02-12 01:02:13,share
408,147,124,2026-02-18 12:27:24,reel
409,60,121,2026-02-09 17:03:52,share
410,93,275,2026-02-15 16:10:02,share
411,161,120,2026-02-01 16:29:02,reel
412,49,164,2026-02-26 22:18:44,share
413,35,286,2026-02-07 03:28:47,share
414,172,265,2026-02-14 07:35:45,share
415,102,161,2026-02-03 05:01:46,reel
416,11,89,2026-02-03 15:31:38,feed
417,99,142,2026-02-27 20:42:35,feed
418,200,203,2026-02-15 04:21:49,reel
419,110,227,2026-02-07 03:07:34,feed
420,74,222,2026-02-24 19:54:54,share
421,194,41,2026-02-05 23:31:23,feed
422,174,196,2026-02-01 14:17:24,share
423,9,68,2026-02-14 19:16:45,feed
424,3,264,2026-02-23 18:53:13,reel
425,85,2,2026-02-24 05:44:32,feed
426,26,125,2026-02-22 09:11:00,feed
427,72,110,2026-02-17 12:57:04,feed
428,48,86,2026-02-09 22:47:57,reel
429,194,120,2026-02-03 11:51:29,feed
430,198,127,2026-02-13 06:09:31,reel
431,156,255,2026-02-24 04:35:41,share
432,117,183,2026-02-06 12:55:16,feed
433,154,16,2026-02-04 04:07:50,reel
434,153,62,2026-02-20 10:51:28,reel
435,12,158,2026-02-24 20:55:34,feed
436,133,268,2026-02-04 14:18:43,share
437,48,35,2026-02-03 14:27:32,reel
438,37,267,2026-02-08 08:46:29,feed
439,44,64,2026-02-08 05:49:40,share
440,15,50,2026-02-15 17:59:38,reel
441,43,255,2026-02-05 03:14:34,reel
442,176,149,2026-02-13 01:09:48,share
443,87,276,2026-02-06 18:00:21,share
444,70,172,2026-02-21 04:52:40,feed
445,46,201,2026-02-11 22:56:40,feed
446,108,35,2026-02-26 08:50:28,reel
447,123,216,2026-02-19 11:10:21,share
448,171,65,2026-02-22 20:53:14,share
449,21,8,2026-02-22 11:48:26,share
450,151,76,2026-02-15 10:26:29,reel
451,107,174,2026-02-21 19:37:22,share
452,80,47,2026-02-15 19:47:37,share
453,47,15,2026-02-03 22:10:24,reel
454,117,147,2026-02-05 19:36:55,feed
455,124,26,2026-02-11 02:05:25,feed
456,143,93,2026-02-11 05:51:43,reel
457,25,232,2026-02-13 20:20:06,share
458,36,21,2026-02-04 22:35:24,reel
459,51,38,2026-02-08 14:59:05,feed
460,15,276,2026-02-12 15:27:47,feed
461,68,157,2026-02-09 10:30:26,reel
462,21,179,2026-02-27 19:07:03,reel
463,141,132,2026-02-04 15:27:24,feed
464,19,28,2026-02-08 14:22:25,reel
465,34,260,2026-02-01 03:07:02,feed
466,78,76,2026-02-20 19:57:26,reel
467,125,67,2026-02-22 20:52:29,reel
468,196,194,2026-02-23 19:29:15,reel
469,117,162,2026-02-15 03:20:30,feed
470,52,257,2026-02-02 14:01:41,reel
471,27,72,2026-02-12 05:41:21,feed
472,157,87,2026-02-14 23:39:59,feed
473,156,262,2026-02-14 17:23:26,reel
474,35,214,2026-02-23 00:59:05,reel
475,136,153,2026-02-04 10:55:49,feed
476,144,210,2026-02-12 07:57:30,feed
477,106,61,2026-02-13 20:13:42,share
478,164,268,2026-02-10 14:28:33,feed
479,158,262,2026-02-21 15:19:22,share
480,146,218,2026-02-06 13:43:26,share
481,2,283,2026-02-27 10:27:40,share
482,177,136,2026-02-11 21:55:19,reel
483,77,93,2026-02-08 05:35:06,reel
484,132,109,2026-02-13 21:29:03,feed
485,90,241,2026-02-07 21:43:02,share
486,89,142,2026-02-04 11:11:54,reel
487,94,291,2026-02-03 21:29:00,reel
488,7,237,2026-02-09 01:18:50,reel
489,95,177,2026-02-15 22:23:37,reel
490,108,141,2026-02-15 00:15:20,reel
491,74,189,2026-02-22 07:39:03,share
492,39,49,2026-02-07 00:52:57,share
493,141,190,2026-02-23 18:04:21,share
494,159,136,2026-02-15 18:17:30,share
495,71,43,2026-02-20 12:57:23,feed
496,191,90,2026-02-14 05:11:23,share
497,56,295,2026-02-25 07:05:32,reel
498,170,245,2026-02-27 05:07:26,share
499,189,192,2026-02-24 23:18:47,feed
500,42,106,2026-02-22 06:01:33,reel
501,184,233,2026-02-04 21:43:17,share
502,36,265,2026-02-02 22:26:28,share
503,84,37,2026-02-21 23:20:59,share
504,196,41,2026-02-16 15:31:54,reel
505,118,17,2026-02-13 03:41:59,reel
506,7,277,2026-02-02 06:08:05,feed
507,54,59,2026-02-05 10:24:12,reel
508,129,183,2026-02-12 02:42:58,reel
509,172,41,2026-02-02 00:10:12,share
510,120,39,2026-02-14 02:00:11,reel
511,173,192,2026-02-02 22:52:23,share
512,106,267,2026-02-09 12:06:43,share
513,47,147,2026-02-23 20:10:23,reel
514,123,127,2026-02-26 04:38:12,feed
515,141,46,2026-02-22 11:14:04,feed
516,119,45,2026-02-14 12:04:33,reel
517,150,1,2026-02-09 19:27:00,feed
518,118,168,2026-02-22 03:50:34,share
519,21,108,2026-02-24 20:54:07,share
520,137,19,2026-02-05 10:18:18,reel
521,26,72,2026-02-23 19:36:06,feed
522,9,109,2026-02-17 21:24:14,feed
523,15,268,2026-02-20 19:45:36,share
524,10,240,2026-02-17 04:19:56,reel
525,122,90,2026-02-16 14:03:35,feed
526,121,103,2026-02-06 01:52:03,reel
527,125,250,2026-02-08 19:22:28,feed
528,170,8,2026-02-17 00:14:56,share
529,72,153,2026-02-20 23:36:04,share
530,152,174,2026-02-25 01:15:47,reel
531,49,158,2026-02-14 23:47:53,share
532,154,215,2026-02-20 10:33:38,feed
533,91,177,2026-02-27 16:54:32,share
534,37,175,2026-02-02 18:45:18,reel
535,68,146,2026-02-23 01:54:38,reel
536,50,161,2026-02-05 06:35:49,reel
537,152,127,2026-02-16 06:26:20,feed
538,19,82,2026-02-13 06:03:57,feed
539,100,147,2026-02-16 16:38:28,feed
540,60,239,2026-02-06 15:03:30,feed
541,167,84,2026-02-20 14:53:53,feed
542,89,113,2026-02-25 23:32:53,share
543,146,225,2026-02-01 01:20:27,feed
544,147,243,2026-02-27 08:10:02,feed
545,164,143,2026-02-23 10:14:29,share
546,183,41,2026-02-21 01:28:05,feed
547,69,258,2026-02-03 15:09:08,reel
548,175,285,2026-02-10 02:32:58,feed
549,49,105,2026-02-26 04:01:32,feed
550,108,202,2026-02-18 13:30:12,reel
551,161,266,2026-02-25 04:47:11,reel
552,119,210,2026-02-22 11:00:54,reel
553,149,51,2026-02-03 12:07:55,reel
554,150,118,2026-02-10 21:09:45,feed
555,176,201,2026-02-13 23:08:35,reel
556,37,39,2026-02-27 15:53:14,reel
557,143,28,2026-02-07 08:38:29,share
558,163,259,2026-02-14 23:34:41,reel
559,199,84,2026-02-22 06:26:32,reel
560,160,155,2026-02-24 12:43:48,share
561,11,117,2026-02-06 21:28:17,share
562,138,2,2026-02-02 09:38:07,feed
563,78,93,2026-02-12 14:48:06,share
564,77,166,2026-02-08 16:31:26,feed
565,185,296,2026-02-16 02:03:00,share
566,153,258,2026-02-27 17:46:26,share
567,2,81,2026-02-01 15:55:54,feed
568,64,268,2026-02-27 19:25:10,share
569,35,235,2026-02-20 19:20:36,feed
570,7,213,2026-02-05 12:35:47,share
571,85,62,2026-02-11 21:47:42,reel
572,146,49,2026-02-06 12:11:30,share
573,67,127,2026-02-23 09:37:32,feed
574,42,223,2026-02-06 16:51:28,share
575,118,279,2026-02-08 11:23:21,feed
576,125,294,2026-02-25 04:38:58,feed
577,167,284,2026-02-15 04:02:36,reel
578,169,277,2026-02-25 16:52:43,reel
579,24,107,2026-02-14 06:33:47,feed
580,188,146,2026-02-21 04:04:52,share
581,46,99,2026-02-24 10:09:09,feed
582,19,73,2026-02-23 22:10:33,feed
583,68,122,2026-02-12 19:58:01,share
584,102,30,2026-02-23 04:11:41,share
585,42,188,2026-02-27 18:16:13,share
586,32,288,2026-02-08 00:31:12,share
587,167,195,2026-02-19 14:54:36,feed
588,109,156,2026-02-10 06:04:37,feed
589,36,172,2026-02-25 16:08:36,reel
590,97,41,2026-02-07 15:02:37,feed
591,164,63,2026-02-04 09:20:04,share
592,131,23,2026-02-14 09:51:05,reel
593,73,75,2026-02-21 03:26:34,share
594,136,48,2026-02-17 11:59:00,feed
595,97,160,2026-02-25 15:33:26,reel
596,123,118,2026-02-13 23:16:43,share
597,70,100,2026-02-01 02:59:19,reel
598,169,167,2026-02-14 17:31:52,reel
599,196,290,2026-02-15 11:50:33,feed
600,13,156,2026-02-24 18:28:20,share
601,49,7,2026-02-08 05:07:34,reel
602,60,196,2026-02-22 16:15:55,reel
603,130,56,2026-02-27 03:29:30,share
604,188,193,2026-02-24 12:17:55,reel
605,5,47,2026-02-17 18:05:54,reel
606,172,148,2026-02-17 03:19:14,reel
607,27,275,2026-02-27 19:01:49,share
608,160,157,2026-02-27 09:08:30,share
609,149,202,2026-02-19 07:28:53,share
610,8,126,2026-02-23 02:30:53,share
611,200,294,2026-02-16 14:53:52,feed
612,50,64,2026-02-10 03:47:45,reel
613,67,176,2026-02-12 14:13:43,share
614,44,116,2026-02-19 14:11:36,reel
615,125,204,2026-02-12 08:07:11,reel
616,58,31,2026-02-20 22:35:15,feed
617,3,113,2026-02-03 02:51:10,share
618,86,67,2026-02-16 10:42:08,share
619,70,75,2026-02-23 23:03:26,reel
620,130,45,2026-02-19 12:09:59,share
621,172,260,2026-02-19 17:48:51,reel
622,2,154,2026-02-08 09:12:55,reel
623,102,155,2026-02-25 01:05:58,feed
624,35,234,2026-02-02 19:07:51,feed
625,98,51,2026-02-07 03:05:15,feed
626,30,262,2026-02-25 09:12:41,reel
627,116,125,2026-02-17 02:48:06,share
628,8,245,2026-02-05 20:55:59,feed
629,150,30,2026-02-22 08:59:38,share
630,44,122,2026-02-05 20:10:21,feed
631,186,125,2026-02-26 12:46:38,feed
632,36,37,2026-02-23 04:21:35,reel
633,197,170,2026-02-01 17:52:52,feed
634,77,124,2026-02-07 23:57:11,feed
635,31,35,2026-02-20 21:39:34,reel
636,47,87,2026-02-08 11:50:37,share
637,55,134,2026-02-04 15:10:52,feed
638,106,196,2026-02-23 18:59:46,reel
639,190,274,2026-02-13 20:46:26,feed
640,158,201,2026-02-17 10:27:08,reel
641,121,285,2026-02-20 07:06:05,share
642,55,77,2026-02-04 21:34:26,share
643,144,59,2026-02-16 22:48:23,reel
644,12,126,2026-02-26 21:42:54,reel
645,145,109,2026-02-19 10:44:34,reel
646,144,224,2026-02-16 08:56:13,share
647,140,278,2026-02-24 16:30:00,feed
648,136,68,2026-02-27 06:19:45,share
649,3,69,2026-02-02 17:49:31,reel
650,144,165,2026-02-04 07:42:57,reel
651,30,162,2026-02-12 09:31:37,share
652,23,42,2026-02-14 22:49:14,reel
653,92,109,2026-02-12 01:02:26,share
654,115,51,2026-02-05 09:17:58,reel
655,104,250,2026-02-22 01:36:48,feed
656,118,21,2026-02-05 18:41:40,feed
657,5,300,2026-02-05 21:05:57,reel
658,104,139,2026-02-22 12:55:22,share
659,108,92,2026-02-09 01:49:44,feed
660,65,280,2026-02-15 12:54:11,share
661,121,125,2026-02-02 09:43:33,reel
662,30,111,2026-02-03 05:35:00,share
663,149,139,2026-02-16 17:55:25,feed
664,84,273,2026-02-03 17:23:01,share
665,198,99,2026-02-15 05:47:53,share
666,150,252,2026-02-18 09:38:24,reel
667,200,104,2026-02-19 04:43:17,reel
668,32,214,2026-02-21 21:47:11,reel
669,161,249,2026-02-08 01:36:03,feed
670,16,152,2026-02-12 20:30:38,feed
671,38,250,2026-02-26 18:51:13,reel
672,142,275,2026-02-21 00:04:30,reel
673,36,165,2026-02-09 17:46:53,feed
674,151,8,2026-02-09 06:02:43,feed
675,114,284,2026-02-09 11:58:14,feed
676,66,5,2026-02-04 20:00:17,feed
677,105,145,2026-02-19 13:41:47,reel
678,85,101,2026-02-12 16:35:13,feed
679,2,164,2026-02-25 03:49:27,reel
680,193,147,2026-02-07 22:44:39,share
681,75,64,2026-02-12 06:31:08,share
682,67,91,2026-02-23 09:16:42,feed
683,180,117,2026-02-13 07:54:18,share
684,190,267,2026-02-23 07:26:18,share
685,151,173,2026-02-13 09:28:37,share
686,154,47,2026-02-01 10:56:55,feed
687,196,140,2026-02-23 14:03:33,feed
688,55,246,2026-02-14 23:06:54,share
689,6,149,2026-02-27 12:49:58,reel
690,163,246,2026-02-08 16:03:17,share
691,150,5,2026-02-04 14:03:19,feed
692,171,184,2026-02-22 10:39:08,feed
693,143,20,2026-02-17 18:36:47,feed
694,86,46,2026-02-15 12:32:23,share
695,60,12,2026-02-21 14:21:20,reel
696,101,70,2026-02-13 03:23:07,feed
697,12,17,2026-02-23 04:15:08,feed
698,49,147,2026-02-15 15:59:50,share
699,42,154,2026-02-10 16:06:16,reel
700,166,108,2026-02-19 16:12:00,share
701,82,236,2026-02-24 10:58:41,feed
702,173,70,2026-02-06 04:15:36,reel
703,35,183,2026-02-12 12:21:52,reel
704,158,250,2026-02-19 12:19:17,feed
705,158,228,2026-02-18 10:13:03,reel
706,134,102,2026-02-15 08:42:58,reel
707,67,75,2026-02-15 07:58:07,share
708,80,216,2026-02-02 01:33:41,feed
709,7,203,2026-02-20 05:08:49,feed
710,180,192,2026-02-14 07:47:34,feed
711,14,249,2026-02-01 09:26:05,feed
712,73,242,2026-02-03 09:08:26,feed
713,143,179,2026-02-25 02:43:45,reel
714,149,219,2026-02-14 21:26:25,share
715,163,82,2026-02-12 04:06:26,feed
716,66,92,2026-02-18 02:29:01,share
717,91,175,2026-02-11 15:09:31,share
718,130,239,2026-02-10 05:31:11,reel
719,163,260,2026-02-13 04:00:04,feed
720,20,163,2026-02-07 15:21:33,reel
721,10,48,2026-02-05 17:12:15,feed
722,25,116,2026-02-02 21:55:50,reel
723,194,225,2026-02-15 23:55:58,share
724,25,147,2026-02-22 09:35:46,feed
725,54,63,2026-02-02 14:52:20,share
726,33,294,2026-02-18 17:05:38,share
727,164,13,2026-02-07 09:06:21,reel
728,95,189,2026-02-05 09:00:46,feed
729,14,287,2026-02-15 07:49:42,share
730,65,208,2026-02-16 20:39:19,reel
731,110,114,2026-02-21 04:05:46,feed
732,80,22,2026-02-09 12:38:07,feed
733,54,214,2026-02-10 17:56:34,share
734,125,171,2026-02-07 09:58:38,feed
735,180,54,2026-02-27 04:27:20,share
736,131,298,2026-02-18 18:15:17,feed
737,169,126,2026-02-26 18:29:16,reel
738,134,277,2026-02-25 08:37:59,share
739,25,204,2026-02-14 05:31:02,share
740,141,194,2026-02-08 23:42:29,feed
741,117,169,2026-02-13 11:23:30,feed
742,136,152,2026-02-24 09:23:36,share
743,149,35,2026-02-15 07:51:52,feed
744,196,184,2026-02-17 10:37:54,reel
745,25,286,2026-02-06 14:10:56,feed
746,79,57,2026-02-23 17:38:44,reel
747,68,222,2026-02-04 15:43:48,reel
748,173,163,2026-02-07 19:59:37,reel
749,188,19,2026-02-11 22:51:36,reel
750,12,264,2026-02-20 07:01:04,reel
751,32,282,2026-02-18 18:09:31,feed
752,128,113,2026-02-05 09:12:37,reel
753,96,30,2026-02-20 03:42:45,feed
754,92,135,2026-02-01 16:12:59,reel
755,141,67,2026-02-13 20:06:59,share
756,31,65,2026-02-27 01:09:07,reel
757,78,292,2026-02-06 23:59:28,share
758,20,25,2026-02-23 01:51:50,reel
759,146,37,2026-02-18 21:26:00,reel
760,60,1,2026-02-13 17:26:24,reel
761,191,37,2026-02-19 11:55:36,share
762,134,141,2026-02-19 00:47:53,share
763,160,232,2026-02-06 06:13:56,reel
764,93,136,2026-02-12 08:25:20,feed
765,43,188,2026-02-23 21:18:37,reel
766,130,128,2026-02-02 05:09:20,share
767,60,201,2026-02-16 22:09:18,reel
768,151,127,2026-02-11 17:54:41,share
769,31,257,2026-02-04 01:39:11,share
770,5,164,2026-02-23 12:54:39,share
771,162,35,2026-02-15 16:04:37,reel
772,10,194,2026-02-20 19:41:56,share
773,89,191,2026-02-06 15:56:14,share
774,130,104,2026-02-07 18:51:07,reel
775,126,23,2026-02-03 04:49:58,share
776,11,265,2026-02-02 19:21:18,reel
777,178,290,2026-02-15 18:36:37,share
778,159,260,2026-02-24 21:56:57,feed
779,56,75,2026-02-06 15:17:24,feed
780,83,72,2026-02-05 17:14:12,share
781,137,259,2026-02-12 09:33:42,feed
782,99,188,2026-02-27 02:17:13,reel
783,149,173,2026-02-07 14:03:36,feed
784,73,290,2026-02-19 20:48:18,share
785,156,45,2026-02-23 00:31:59,share
786,190,61,2026-02-19 00:15:35,reel
787,115,83,2026-02-27 05:22:11,share
788,7,123,2026-02-21 08:19:05,reel
789,80,16,2026-02-08 12:01:56,feed
790,144,66,2026-02-21 03:22:31,feed
791,97,145,2026-02-05 19:22:06,reel
792,4,162,2026-02-24 18:07:50,reel
793,4,234,2026-02-20 19:29:22,share
794,103,144,2026-02-14 13:55:15,feed
795,40,188,2026-02-02 14:07:02,reel
796,17,13,2026-02-18 23:41:55,feed
797,101,184,2026-02-11 13:08:15,reel
798,103,111,2026-02-22 12:34:43,feed
799,124,290,2026-02-22 14:06:29,share
800,52,295,2026-02-12 11:05:28,feed
801,52,215,2026-02-18 14:33:35,feed
802,164,120,2026-02-05 19:45:23,feed
803,124,55,2026-02-18 19:58:34,feed
804,166,27,2026-02-27 10:20:55,feed
805,178,118,2026-02-18 09:53:07,share
806,63,221,2026-02-03 22:32:45,reel
807,116,231,2026-02-20 07:51:58,feed
808,191,53,2026-02-14 09:25:30,share
809,62,295,2026-02-10 05:08:34,feed
810,7,233,2026-02-06 22:19:34,feed
811,155,158,2026-02-23 01:47:02,reel
812,92,269,2026-02-05 10:48:26,feed
813,14,21,2026-02-11 07:07:16,share
814,199,53,2026-02-02 00:52:59,share
815,86,275,2026-02-03 10:55:41,reel
816,133,281,2026-02-17 04:33:58,feed
817,183,214,2026-02-12 19:46:41,share
818,130,31,2026-02-07 02:42:43,feed
819,62,183,2026-02-10 23:04:54,feed
820,149,23,2026-02-04 07:56:11,feed
821,79,32,2026-02-27 21:41:55,reel
822,149,74,2026-02-11 01:21:20,feed
823,138,10,2026-02-11 11:36:05,share
824,58,54,2026-02-12 07:27:47,feed
825,120,52,2026-02-16 22:47:58,share
826,167,148,2026-02-08 03:54:47,feed
827,133,160,2026-02-01 03:18:13,share
828,65,14,2026-02-14 11:02:54,share
829,13,178,2026-02-08 00:34:25,feed
830,181,53,2026-02-07 07:27:06,feed
831,82,22,2026-02-27 05:23:47,share
832,173,30,2026-02-13 04:01:59,reel
833,160,191,2026-02-09 11:18:13,feed
834,164,260,2026-02-06 08:04:24,reel
835,188,205,2026-02-02 06:02:09,feed
836,139,59,2026-02-07 09:33:42,feed
837,191,264,2026-02-01 17:18:48,feed
838,149,12,2026-02-18 09:22:57,feed
839,52,119,2026-02-12 13:12:37,reel
840,183,290,2026-02-16 17:13:15,feed
841,117,248,2026-02-01 18:23:10,share
842,26,127,2026-02-09 11:00:41,share
843,196,75,2026-02-13 21:10:32,reel
844,34,204,2026-02-03 13:02:57,feed
845,52,49,2026-02-07 03:41:03,share
846,112,79,2026-02-21 10:27:16,reel
847,82,241,2026-02-26 12:56:02,feed
848,180,154,2026-02-06 12:24:39,share
849,157,274,2026-02-04 02:03:01,share
850,166,96,2026-02-24 02:52:00,reel
851,42,214,2026-02-22 18:16:42,feed
852,21,294,2026-02-18 13:48:21,feed
853,42,209,2026-02-25 21:57:56,share
854,141,88,2026-02-06 07:03:25,share
855,113,264,2026-02-22 22:37:28,share
856,105,157,2026-02-25 11:00:52,feed
857,192,156,2026-02-11 18:07:27,reel
858,17,139,2026-02-03 02:31:26,reel
859,120,121,2026-02-26 07:32:04,feed
860,137,65,2026-02-15 15:25:29,reel
861,169,107,2026-02-23 05:39:29,share
862,129,147,2026-02-02 12:17:35,reel
863,130,137,2026-02-03 22:52:00,reel
864,60,162,2026-02-24 06:03:15,reel
865,48,100,2026-02-20 11:55:04,share
866,29,141,2026-02-21 16:38:41,feed
867,97,83,2026-02-06 05:47:04,share
868,10,177,2026-02-24 19:12:16,feed
869,58,198,2026-02-22 12:47:15,feed
870,188,112,2026-02-04 13:37:22,feed
871,21,56,2026-02-04 22:07:39,reel
872,28,179,2026-02-16 15:17:14,reel
873,34,186,2026-02-08 04:49:17,feed
874,8,218,2026-02-04 04:31:31,feed
875,187,217,2026-02-07 03:01:25,reel
876,200,120,2026-02-14 08:25:00,share
877,177,175,2026-02-27 14:52:53,feed
878,79,23,2026-02-16 18:52:06,share
879,145,213,2026-02-19 11:47:08,reel
880,188,235,2026-02-26 18:08:36,feed
881,87,13,2026-02-15 07:34:50,share
882,88,101,2026-02-23 00:37:00,share
883,173,24,2026-02-25 13:00:34,share
884,69,11,2026-02-21 21:13:06,reel
885,160,273,2026-02-05 19:33:04,reel
886,172,281,2026-02-06 13:18:07,share
887,193,94,2026-02-27 18:21:07,share
888,87,201,2026-02-11 10:31:12,reel
889,101,21,2026-02-21 21:04:04,share
890,8,211,2026-02-22 22:05:58,share
891,77,140,2026-02-12 02:12:51,reel
892,200,293,2026-02-21 02:07:39,share
893,87,298,2026-02-17 10:53:02,share
894,43,101,2026-02-23 00:21:52,share
895,129,28,2026-02-20 08:33:15,reel
896,109,41,2026-02-21 04:39:47,share
897,179,146,2026-02-05 14:46:58,reel
898,152,256,2026-02-16 04:08:42,reel
899,152,227,2026-02-21 17:12:57,feed
900,17,236,2026-02-16 04:06:58,feed
901,133,13,2026-02-13 08:58:05,share
902,148,210,2026-02-19 04:05:32,reel
903,21,229,2026-02-08 09:50:14,feed
904,58,100,2026-02-24 00:33:43,share
905,159,31,2026-02-04 06:12:57,feed
906,110,16,2026-02-05 10:17:04,feed
907,139,137,2026-02-05 03:27:24,reel
908,180,166,2026-02-05 12:37:15,reel
909,143,100,2026-02-21 23:10:21,feed
910,135,109,2026-02-05 16:30:20,feed
911,28,173,2026-02-19 02:09:54,reel
912,51,237,2026-02-07 07:35:43,share
913,186,162,2026-02-03 21:52:58,reel
914,5,216,2026-02-17 00:03:55,feed
915,5,264,2026-02-06 22:24:35,share
916,94,263,2026-02-20 22:37:36,feed
917,96,292,2026-02-18 03:58:17,share
918,8,274,2026-02-21 12:45:25,feed
919,64,3,2026-02-03 11:56:20,share
920,138,28,2026-02-14 23:06:45,share
921,38,149,2026-02-16 04:01:45,feed
922,111,28,2026-02-18 01:41:51,share
923,112,65,2026-02-06 00:42:12,reel
924,81,21,2026-02-25 15:10:42,feed
925,136,252,2026-02-11 07:51:31,reel
926,104,235,2026-02-08 12:16:25,feed
927,153,227,2026-02-24 09:47:28,share
928,73,13,2026-02-11 21:15:51,share
929,194,49,2026-02-06 06:05:00,share
930,178,118,2026-02-17 23:54:44,feed
931,195,54,2026-02-18 20:14:22,reel
932,49,138,2026-02-06 13:51:03,reel
933,36,53,2026-02-14 12:33:19,feed
934,126,44,2026-02-11 23:29:39,feed
935,68,53,2026-02-21 19:57:07,reel
936,78,74,2026-02-02 06:35:16,reel
937,105,46,2026-02-13 23:35:57,reel
938,169,13,2026-02-02 09:43:58,reel
939,122,165,2026-02-09 18:11:59,feed
940,119,102,2026-02-14 06:22:59,feed
941,190,280,2026-02-15 23:59:35,share
942,114,258,2026-02-17 11:55:27,reel
943,10,138,2026-02-18 00:58:18,share
944,149,163,2026-02-01 07:06:49,feed
945,164,111,2026-02-09 19:21:10,feed
946,140,102,2026-02-07 22:54:00,share
947,91,17,2026-02-20 10:56:51,reel
948,2,268,2026-02-04 09:04:22,reel
949,118,182,2026-02-07 21:17:45,reel
950,13,24,2026-02-02 11:43:05,reel
951,181,29,2026-02-05 10:54:19,share
952,160,171,2026-02-26 18:03:25,share
953,95,228,2026-02-11 10:38:52,feed
954,144,188,2026-02-19 06:17:53,reel
955,32,230,2026-02-21 09:08:25,reel
956,32,119,2026-02-23 00:32:08,reel
957,124,156,2026-02-17 13:10:21,share
958,11,272,2026-02-08 15:23:42,reel
959,10,175,2026-02-18 23:08:35,share
960,15,104,2026-02-16 03:05:01,reel
961,17,92,2026-02-16 17:56:00,reel
962,168,186,2026-02-05 02:58:55,feed
963,146,283,2026-02-03 13:17:37,reel
964,183,181,2026-02-08 13:15:49,reel
965,153,170,2026-02-08 15:23:44,feed
966,59,187,2026-02-03 09:58:39,share
967,78,175,2026-02-04 23:02:57,share
968,124,222,2026-02-14 05:01:22,reel
969,114,233,2026-02-22 12:15:50,share
970,22,162,2026-02-21 14:00:46,reel
971,158,134,2026-02-24 13:50:12,feed
972,172,224,2026-02-22 11:01:07,feed
973,32,153,2026-02-21 02:33:32,reel
974,179,33,2026-02-14 06:15:44,feed
975,174,55,2026-02-11 11:09:21,feed
976,113,7,2026-02-25 20:55:36,reel
977,120,244,2026-02-06 12:36:25,reel
978,149,126,2026-02-17 18:09:19,feed
979,122,12,2026-02-21 20:53:08,share
980,32,16,2026-02-06 09:11:45,share
981,119,208,2026-02-14 18:00:21,reel
982,39,43,2026-02-24 14:58:05,reel
983,12,135,2026-02-26 13:55:21,share
984,175,228,2026-02-15 23:20:04,feed
985,18,111,2026-02-03 04:54:54,share
986,149,160,2026-02-11 16:55:21,share
987,141,264,2026-02-20 04:30:54,share
988,149,225,2026-02-03 15:49:32,share
989,126,217,2026-02-01 08:57:21,reel
990,136,45,2026-02-10 22:10:12,reel
991,46,214,2026-02-15 15:10:44,feed
992,104,59,2026-02-11 06:06:19,feed
993,135,132,2026-02-07 15:53:24,feed
994,151,104,2026-02-13 09:42:06,feed
995,86,195,2026-02-15 01:13:49,share
996,150,157,2026-02-16 22:17:24,reel
997,89,98,2026-02-06 19:47:30,reel
998,22,226,2026-02-01 09:00:21,feed
999,92,205,2026-02-25 03:29:45,feed
1000,29,79,2026-02-21 21:44:58,share
