engagement_id,user_id,video_id,watch_time_sec,liked,shared,commented,timestamp
1,79,189,9,0,0,0,2026-02-09 12:41:57
2,5,95,24,1,0,0,2026-02-07 06:30:44
3,60,181,36,0,0,0,2026-02-19 10:58:25
4,120,288,47,0,0,0,2026-02-26 20:30:12
5,46,187,42,1,0,0,2026-02-12 04:05:54
6,178,138,52,0,0,0,2026-02-25 06:50:52
7,176,130,37,0,0,0,2026-02-18 04:38:04
8,134,194,40,1,0,0,2026-02-04 11:58:26
9,56,273,44,0,0,0,2026-02-20 06:37:17
10,110,144,23,0,0,0,2026-02-03 01:17:08
11,187,16,39,0,0,0,2026-02-22 04:13:57
12,157,245,45,0,0,0,2026-02-01 21:50:07
13,199,107,55,1,0,0,2026-02-23 07:39:09
14,104,88,32,0,0,0,2026-02-04 18:42:59
15,77,129,16,0,0,0,2026-02-16 04:44:31
16,146,4,23,0,1,0,2026-02-21 20:09:08
17,2,95,36,1,0,0,2026-02-20 15:11:12
18,8,209,56,0,0,0,2026-02-21 06:38:55
19,75,225,1,0,0,0,2026-02-15 01:18:34
20,182,47,31,1,0,0,2026-02-06 14:11:12
21,125,181,56,0,0,0,2026-02-20 15:53:48
22,38,106,59,0,0,1,2026-02-02 00:17:58
23,176,199,23,0,0,0,2026-02-16 18:22:56
24,27,106,8,0,1,0,2026-02-09 08:14:48
25,20,280,3,0,0,0,2026-02-23 08:03:06
26,140,260,16,0,0,0,2026-02-18 13:35:20
27,43,108,16,1,0,0,2026-02-05 06:40:43
28,189,19,52,0,0,0,2026-02-22 04:48:21
29,31,296,49,1,0,0,2026-02-06 03:20:22
30,91,171,47,0,0,0,2026-02-12 19:29:03
31,61,195,29,1,0,0,2026-02-22 03:35:59
32,195,12,39,1,0,0,2026-02-20 10:33:28
33,109,195,57,0,0,0,2026-02-26 10:27:38
34,91,283,10,0,0,0,2026-02-04 19:37:49
35,163,182,20,0,0,1,2026-02-20 05:06:05
36,95,144,20,1,0,1,2026-02-16 01:29:45
37,143,182,17,1,0,0,2026-02-17 11:33:41
38,144,30,54,0,1,1,2026-02-11 18:09:00
39,13,84,28,0,0,0,2026-02-17 04:03:11
40,113,166,23,0,0,0,2026-02-09 03:53:19
41,35,284,9,1,1,0,2026-02-04 16:59:18
42,187,281,44,0,0,0,2026-02-25 18:45:22
43,149,96,16,0,0,0,2026-02-06 12:51:02
44,182,266,17,0,0,0,2026-02-26 18:11:57
45,158,298,41,0,0,0,2026-02-25 18:08:13
46,48,296,47,1,0,0,2026-02-10 09:54:51
47,35,225,19,0,1,0,2026-02-17 23:03:06
48,86,42,36,0,0,0,2026-02-18 01:03:39
49,166,246,44,0,0,0,2026-02-08 04:04:16
50,159,208,17,0,0,0,2026-02-12 11:16:23
51,152,237,16,0,0,0,2026-02-05 23:46:33
52,114,22,8,1,0,0,2026-02-08 02:37:11
53,177,185,13,1,0,0,2026-02-13 10:13:28
54,100,242,48,0,0,0,2026-02-10 13:50:17
55,160,283,28,0,0,0,2026-02-09 10:08:27
56,183,41,30,1,0,0,2026-02-08 10:06:22
57,186,162,3,0,0,0,2026-02-04 15:47:34
58,99,160,17,0,0,0,2026-02-09 14:23:24
59,3,89,58,1,0,0,2026-02-24 23:41:17
60,197,12,19,1,0,0,2026-02-23 12:32:40
61,85,73,55,1,0,0,2026-02-22 19:00:45
62,125,76,55,1,1,0,2026-02-16 16:33:53
63,138,201,46,1,0,0,2026-02-16 08:19:42
64,83,10,42,0,0,0,2026-02-08 07:52:41
65,25,226,43,0,0,0,2026-02-22 08:21:38
66,68,176,8,0,0,1,2026-02-04 07:33:33
67,61,276,12,0,0,0,2026-02-23 18:19:57
68,29,39,14,0,0,0,2026-02-22 11:12:35
69,127,60,26,0,0,0,2026-02-15 16:48:40
70,19,66,14,0,0,0,2026-02-14 08:01:04
71,171,124,27,0,0,0,2026-02-03 17:26:42
72,194,164,36,0,0,0,2026-02-18 02:02:32
73,74,159,54,0,0,0,2026-02-25 15:05:25
74,61,57,18,0,0,0,2026-02-04 14:26:18
75,171,78,25,1,0,0,2026-02-16 01:39:04
76,153,194,51,0,0,0,2026-02-23 09:58:08
77,20,285,25,0,0,1,2026-02-22 22:31:04
78,48,15,24,1,1,0,2026-02-02 19:48:56
79,87,12,25,0,0,0,2026-02-03 18:16:54
80,152,101,25,0,1,1,2026-02-18 21:36:37
81,139,156,45,0,0,0,2026-02-14 22:28:08
82,110,125,27,0,0,0,2026-02-04 17:23:53
83,183,280,48,1,0,0,2026-02-05 09:12:10
84,28,110,17,0,0,0,2026-02-25 14:46:36
85,197,146,31,0,0,0,2026-02-19 15:57:16
86,191,216,52,0,0,0,2026-02-23 11:05:53
87,59,162,2,0,0,0,2026-02-27 21:49:31
88,133,128,1,0,1,0,2026-02-02 23:47:41
89,51,150,32,0,0,0,2026-02-22 19:58:39
90,149,36,41,0,0,0,2026-02-10 03:18:53
91,12,173,18,0,0,1,2026-02-16 14:36:20
92,50,22,16,0,0,0,2026-02-24 02:08:52
93,132,206,43,0,0,0,2026-02-25 08:08:06
94,113,127,32,0,0,0,2026-02-08 07:45:57
95,170,217,11,1,0,0,2026-02-04 00:05:17
96,166,96,48,0,0,0,2026-02-22 20:53:50
97,153,164,55,0,0,0,2026-02-06 00:35:18
98,14,148,2,0,0,0,2026-02-17 16:08:02
99,32,18,42,0,0,0,2026-02-05 02:15:02
100,139,294,48,1,0,0,2026-02-25 11:50:31
101,189,195,54,0,1,1,2026-02-09 09:02:44
102,146,151,25,1,0,0,2026-02-02 21:36:13
103,155,123,34,0,1,0,2026-02-13 00:38:32
104,55,187,7,1,0,0,2026-02-22 06:01:31
105,182,149,51,0,0,0,2026-02-22 07:57:48
106,120,104,35,1,0,0,2026-02-26 10:35:02
107,75,243,52,0,0,0,2026-02-26 09:02:44
108,21,231,53,0,0,0,2026-02-08 16:57:09
109,172,206,6,0,0,0,2026-02-18 15:58:18
110,133,198,45,0,0,0,2026-02-19 02:24:14
111,87,87,45,1,0,0,2026-02-14 17:35:41
112,169,142,35,0,0,0,2026-02-19 19:22:22
113,59,199,15,0,1,0,2026-02-20 20:15:03
114,89,46,23,0,0,0,2026-02-17 10:13:34
115,182,288,53,0,0,0,2026-02-03 13:00:36
116,150,15,0,0,0,0,2026-02-17 05:53:41
117,83,44,48,0,0,0,2026-02-04 04:47:34
118,65,169,24,0,0,0,2026-02-17 00:07:03
119,64,44,9,1,1,0,2026-02-05 14:06:26
120,71,98,53,0,0,0,2026-02-19 18:22:47
121,4,261,15,0,0,0,2026-02-14 19:03:18
122,193,109,15,1,0,0,2026-02-13 05:35:46
123,143,283,57,0,1,1,2026-02-08 07:11:51
124,104,104,7,0,0,0,2026-02-17 04:23:41
125,150,256,28,0,0,0,2026-02-04 22:57:24
126,175,206,38,0,0,0,2026-02-07 20:46:33
127,93,43,27,0,0,0,2026-02-17 23:34:14
128,174,245,5,1,0,0,2026-02-16 01:26:46
129,142,287,15,0,0,0,2026-02-20 00:39:50
130,178,273,19,0,0,0,2026-02-07 06:14:22
131,148,83,15,1,0,0,2026-02-05 02:42:17
132,178,110,6,1,0,0,2026-02-16 00:41:20
133,112,190,40,0,0,0,2026-02-19 06:51:47
134,161,288,13,0,0,0,2026-02-16 22:42:10
135,119,251,42,0,0,0,2026-02-07 04:53:25
136,59,212,25,1,0,0,2026-02-26 13:17:33
137,43,291,25,1,0,0,2026-02-05 12:52:50
138,12,133,13,0,0,0,2026-02-21 13:18:15
139,40,201,6,0,0,0,2026-02-25 16:25:55
140,118,285,32,0,0,0,2026-02-18 13:33:37
141,20,95,25,1,0,0,2026-02-01 21:14:24
142,166,278,56,0,0,0,2026-02-18 14:27:24
143,131,219,44,0,0,0,2026-02-15 23:51:18
144,156,89,19,1,0,0,2026-02-09 18:01:17
145,184,72,2,0,0,0,2026-02-11 09:33:09
146,90,247,51,0,0,0,2026-02-17 14:08:49
147,94,129,3,0,0,0,2026-02-24 14:32:48
148,13,212,25,0,0,0,2026-02-10 07:42:08
149,66,96,10,0,0,1,2026-02-11 23:56:30
150,37,75,1,0,0,0,2026-02-07 16:16:30
151,177,54,13,0,0,0,2026-02-08 12:31:27
152,66,54,43,1,0,0,2026-02-04 17:54:13
153,36,218,29,0,1,0,2026-02-15 08:37:21
154,182,16,48,0,0,0,2026-02-05 21:50:15
155,26,99,11,0,0,0,2026-02-25 15:30:04
156,75,20,25,1,0,0,2026-02-27 04:52:42
157,200,46,43,1,1,0,2026-02-26 13:27:13
158,108,193,32,0,0,0,2026-02-02 19:58:44
159,168,58,12,0,0,0,2026-02-17 08:21:32
160,43,111,13,0,1,0,2026-02-07 08:40:59
161,150,129,23,0,0,0,2026-02-19 06:54:37
162,148,194,33,0,0,0,2026-02-08 11:43:02
163,8,8,43,1,0,0,2026-02-08 21:01:54
164,29,29,25,1,0,0,2026-02-09 18:42:02
165,40,112,20,0,0,0,2026-02-09 00:52:01
166,158,161,27,1,0,0,2026-02-22 05:55:35
167,128,131,47,1,0,0,2026-02-03 02:54:19
168,84,188,35,0,0,0,2026-02-20 22:41:05
169,116,163,39,0,0,0,2026-02-18 16:26:22
170,183,197,1,1,0,0,2026-02-12 12:44:33
171,144,204,41,0,0,0,2026-02-22 13:31:44
172,174,212,8,1,0,1,2026-02-14 19:57:54
173,62,109,22,1,0,0,2026-02-22 19:02:20
174,7,276,14,0,1,0,2026-02-12 08:37:59
175,45,73,12,1,0,0,2026-02-26 22:10:05
176,187,167,22,1,0,0,2026-02-12 14:39:05
177,184,260,16,0,1,0,2026-02-16 00:33:22
178,176,243,47,0,0,0,2026-02-23 18:26:34
179,155,275,59,0,0,0,2026-02-10 10:02:42
180,181,102,1,0,1,0,2026-02-18 20:33:56
181,88,173,19,0,0,0,2026-02-22 09:19:59
182,73,171,19,0,0,0,2026-02-23 09:53:46
183,163,141,58,0,0,0,2026-02-14 16:17:16
184,179,188,45,0,0,0,2026-02-19 12:54:49
185,37,86,2,1,0,0,2026-02-25 09:55:43
186,119,52,54,1,0,0,2026-02-26 14:32:06
187,57,111,11,1,0,0,2026-02-21 07:46:30
188,8,43,39,0,0,0,2026-02-08 20:48:41
189,95,211,1,1,0,0,2026-02-10 16:39:52
190,117,200,35,1,0,0,2026-02-07 17:14:45
191,110,298,13,0,0,0,2026-02-13 03:16:29
192,20,240,15,0,0,0,2026-02-03 12:47:37
193,124,115,18,0,0,0,2026-02-24 07:55:43
194,53,26,33,1,0,0,2026-02-19 00:29:36
195,119,299,43,0,0,0,2026-02-27 22:05:12
196,12,77,45,0,0,0,2026-02-05 23:31:32
197,177,137,5,0,0,1,2026-02-26 01:04:40
198,17,20,12,0,0,0,2026-02-07 01:15:36
199,64,211,35,0,0,0,2026-02-14 20:07:20
200,42,240,21,0,0,0,2026-02-05 01:43:17
201,94,39,17,0,0,0,2026-02-08 18:46:38
202,157,268,11,1,0,0,2026-02-14 05:49:29
203,147,207,51,0,1,0,2026-02-22 19:29:41
204,11,267,58,0,0,0,2026-02-25 22:05:57
205,98,154,53,0,0,0,2026-02-08 03:40:25
206,178,42,29,0,0,0,2026-02-22 05:41:32
207,71,11,52,0,0,0,2026-02-05 10:51:14
208,108,294,50,0,0,0,2026-02-11 18:41:34
209,58,98,39,1,0,0,2026-02-22 21:36:07
210,34,275,6,1,0,0,2026-02-17 23:17:46
211,20,230,31,1,1,0,2026-02-02 07:04:22
212,50,220,47,0,1,0,2026-02-21 03:23:23
213,102,65,18,0,0,0,2026-02-03 14:02:55
214,138,232,5,1,0,0,2026-02-20 05:54:08
215,160,52,19,0,0,0,2026-02-25 08:52:50
216,52,263,26,0,0,0,2026-02-19 03:41:48
217,15,267,52,0,0,0,2026-02-12 10:42:04
218,84,154,42,0,0,0,2026-02-19 17:54:58
219,131,140,36,0,0,1,2026-02-04 23:04:38
220,37,51,47,1,0,0,2026-02-19 04:48:17
221,126,117,6,0,0,0,2026-02-11 21:36:23
222,40,46,58,0,0,0,2026-02-02 08:50:27
223,72,88,4,1,0,0,2026-02-16 11:17:41
224,40,208,10,1,0,0,2026-02-05 19:26:24
225,56,269,14,0,0,0,2026-02-17 06:38:29
226,151,89,2,0,0,0,2026-02-08 02:09:35
227,104,118,57,1,0,0,2026-02-07 16:18:54
228,139,54,4,1,0,0,2026-02-02 20:37:35
229,110,116,22,0,0,0,2026-02-14 22:14:19
230,192,118,52,1,0,0,2026-02-23 22:26:59
231,136,260,36,0,0,0,2026-02-07 17:42:18
232,93,75,8,0,0,0,2026-02-23 18:33:10
233,94,7,14,0,0,0,2026-02-22 18:39:30
234,56,122,2,0,0,0,2026-02-01 06:07:05
235,60,11,28,1,0,0,2026-02-04 20:18:16
236,138,215,5,0,0,0,2026-02-01 22:08:28
237,39,279,16,0,0,0,2026-02-13 10:10:22
238,28,28,25,0,0,0,2026-02-11 11:15:21
239,49,235,20,0,0,0,2026-02-08 06:12:10
240,164,26,7,0,0,0,2026-02-27 15:24:11
241,125,54,20,0,0,0,2026-02-26 14:53:54
242,13,29,56,0,0,0,2026-02-21 13:07:39
243,36,164,10,1,0,0,2026-02-06 09:32:31
244,101,270,37,0,0,0,2026-02-14 23:39:45
245,26,35,7,0,1,0,2026-02-12 12:52:15
246,86,286,41,1,0,0,2026-02-15 14:51:59
247,4,273,23,0,0,0,2026-02-06 21:57:49
248,82,208,34,0,0,0,2026-02-03 07:37:55
249,192,238,54,1,0,0,2026-02-12 13:48:07
250,166,93,13,0,0,0,2026-02-21 09:07:55
251,127,173,54,0,0,1,2026-02-23 04:34:33
252,88,79,13,0,0,1,2026-02-04 01:10:32
253,127,110,9,0,0,0,2026-02-06 09:09:31
254,120,217,11,1,0,0,2026-02-25 06:20:35
255,22,106,37,0,0,0,2026-02-27 00:32:52
256,130,47,43,1,0,0,2026-02-01 19:08:54
257,31,181,54,1,0,0,2026-02-26 00:27:22
258,119,64,45,0,0,0,2026-02-12 17:52:42
259,11,246,33,0,0,0,2026-02-07 23:16:44
260,46,244,40,0,0,0,2026-02-15 03:21:23
261,96,87,9,0,0,0,2026-02-21 20:05:58
262,190,217,57,0,0,0,2026-02-01 01:49:21
263,197,7,16,1,0,0,2026-02-18 03:03:37
264,192,278,16,1,0,0,2026-02-12 16:16:39
265,10,210,2,0,0,0,2026-02-21 05:20:11
266,168,169,30,0,0,0,2026-02-10 02:14:11
267,128,138,50,1,0,0,2026-02-05 03:44:50
268,152,230,0,0,0,0,2026-02-26 09:54:13
269,99,161,11,1,0,0,2026-02-18 12:08:01
270,172,1,38,0,0,0,2026-02-04 06:51:07
271,112,236,3,0,0,0,2026-02-26 12:54:13
272,60,188,41,1,0,0,2026-02-27 09:54:05
273,190,4,12,0,0,0,2026-02-25 15:04:46
274,87,132,33,1,0,0,2026-02-25 15:25:23
275,145,218,41,1,0,0,2026-02-27 21:38:01
276,65,260,20,0,0,0,2026-02-01 23:41:28
277,57,1,21,0,0,0,2026-02-19 22:54:41
278,183,71,56,1,0,0,2026-02-23 19:44:49
279,106,178,3,1,0,0,2026-02-03 02:43:16
280,181,189,17,0,0,0,2026-02-19 18:44:57
281,184,291,4,1,0,0,2026-02-19 02:55:43
282,9,8,18,0,0,0,2026-02-13 07:31:26
283,22,253,1,0,0,0,2026-02-01 18:55:24
284,141,292,11,1,0,0,2026-02-18 08:02:40
285,89,244,16,0,0,0,2026-02-04 06:42:45
286,176,123,9,1,0,0,2026-02-17 17:43:26
287,18,299,33,0,0,0,2026-02-12 16:55:55
288,115,283,5,0,0,0,2026-02-06 00:46:37
289,168,32,7,0,0,0,2026-02-17 03:24:44
290,145,146,50,0,0,0,2026-02-07 11:26:00
291,143,156,10,0,0,0,2026-02-03 03:39:17
292,106,16,56,0,0,0,2026-02-18 02:27:29
293,15,47,11,0,0,0,2026-02-27 12:09:07
294,63,251,8,0,0,0,2026-02-17 10:26:10
295,167,187,1,0,0,0,2026-02-09 11:59:37
296,13,31,7,1,0,0,2026-02-23 13:19:29
297,81,260,57,0,0,0,2026-02-24 05:31:45
298,32,17,10,0,0,0,2026-02-09 20:22:09
299,137,39,59,0,0,0,2026-02-07 13:06:52
300,40,39,52,0,0,0,2026-02-04 01:31:02
301,148,132,35,0,0,0,2026-02-23 05:14:07
302,82,30,9,0,0,0,2026-02-02 19:05:21
303,77,158,20,0,0,0,2026-02-15 05:53:07
304,191,278,19,1,0,0,2026-02-10 18:52:13
305,76,203,47,1,0,0,2026-02-03 03:02:16
306,172,66,7,0,0,0,2026-02-10 16:23:57
307,38,108,35,0,0,0,2026-02-03 00:49:26
308,188,268,28,0,0,0,2026-02-16 07:41:44
309,71,222,41,0,0,0,2026-02-16 01:15:52
310,48,292,11,0,0,1,2026-02-26 00:27:55
311,18,18,13,0,0,0,2026-02-20 07:57:52
312,144,90,47,0,0,0,2026-02-27 08:40:35
313,183,181,53,0,0,0,2026-02-23 23:33:02
314,39,255,49,0,0,0,2026-02-13 07:07:54
315,196,253,20,0,0,0,2026-02-02 18:39:58
316,187,257,21,0,0,0,2026-02-10 06:39:05
317,89,87,20,0,0,0,2026-02-14 21:20:36
318,62,90,43,0,0,0,2026-02-18 07:54:18
319,141,237,49,0,0,0,2026-02-03 07:41:44
320,109,70,29,0,0,0,2026-02-17 02:43:13
321,81,44,38,0,0,0,2026-02-14 06:19:13
322,134,200,19,0,0,1,2026-02-07 01:01:26
323,77,152,23,0,0,0,2026-02-18 20:46:24
324,188,86,22,0,0,0,2026-02-22 05:05:06
325,90,19,6,0,0,0,2026-02-20 10:03:32
326,14,101,8,0,0,0,2026-02-22 08:19:49
327,95,95,0,0,1,0,2026-02-19 18:28:25
328,54,254,25,0,0,0,2026-02-17 11:00:22
329,132,30,37,1,0,0,2026-02-10 01:39:28
330,39,249,37,0,0,0,2026-02-25 02:07:07
331,72,33,53,0,0,0,2026-02-25 03:39:24
332,25,229,43,1,0,0,2026-02-18 19:59:24
333,77,12,21,1,1,0,2026-02-26 05:00:00
334,160,118,43,0,0,0,2026-02-13 22:45:07
335,187,155,9,0,0,1,2026-02-05 00:14:57
336,191,246,54,0,1,0,2026-02-21 14:34:40
337,166,247,57,0,0,0,2026-02-04 19:57:23
338,120,29,5,0,0,0,2026-02-21 21:41:37
339,53,161,16,0,0,0,2026-02-09 18:14:49
340,195,235,50,0,0,0,2026-02-27 11:31:25
341,156,190,49,1,0,0,2026-02-15 06:15:45
342,131,117,37,1,1,0,2026-02-16 14:14:18
343,150,271,23,0,0,1,2026-02-05 23:32:06
344,96,258,50,0,0,0,2026-02-04 21:17:13
345,166,180,9,0,0,0,2026-02-16 22:03:15
346,200,172,55,1,0,0,2026-02-15 08:26:43
347,72,274,7,0,0,0,2026-02-15 21:05:36
348,62,259,20,0,0,0,2026-02-22 15:31:46
349,185,135,55,0,0,0,2026-02-21 16:27:40
350,6,171,5,0,0,0,2026-02-09 02:09:18
351,32,210,20,0,0,0,2026-02-22 13:11:26
352,99,236,56,1,0,0,2026-02-18 01:34:54
353,138,186,38,0,0,0,2026-02-22 16:56:37
354,131,95,23,0,0,0,2026-02-03 01:20:50
355,187,11,32,0,0,0,2026-02-18 02:45:40
356,76,68,58,0,0,0,2026-02-22 02:44:32
357,177,210,17,1,0,0,2026-02-14 07:52:48
358,59,196,55,1,0,0,2026-02-03 18:49:37
359,31,98,27,1,0,0,2026-02-04 15:25:45
360,93,93,56,1,0,0,2026-02-20 17:16:09
361,69,22,51,0,0,0,2026-02-18 15:17:17
362,190,172,31,0,0,0,2026-02-25 21:47:18
363,52,134,11,0,0,0,2026-02-08 18:23:52
364,89,25,47,1,0,0,2026-02-02 12:16:53
365,127,185,41,0,1,0,2026-02-07 22:21:00
366,169,85,26,0,0,0,2026-02-22 06:30:30
367,31,55,9,1,0,0,2026-02-02 16:32:37
368,84,251,45,0,0,0,2026-02-07 03:04:07
369,127,144,56,0,0,0,2026-02-04 06:19:57
370,150,167,51,0,0,1,2026-02-12 10:57:16
371,132,224,41,0,0,0,2026-02-18 18:48:12
372,13,220,31,0,0,0,2026-02-18 13:56:09
373,45,179,41,1,0,0,2026-02-19 14:03:27
374,127,119,25,0,0,0,2026-02-02 13:43:53
375,170,265,24,1,1,0,2026-02-08 10:46:06
376,114,150,10,0,0,0,2026-02-22 20:11:52
377,177,215,22,0,0,0,2026-02-19 00:12:17
378,20,197,33,1,0,0,2026-02-19 01:25:37
379,81,42,56,0,0,0,2026-02-22 13:13:36
380,182,53,51,0,0,0,2026-02-04 17:34:40
381,164,251,39,1,0,0,2026-02-07 16:25:35
382,129,295,22,0,0,0,2026-02-26 16:51:55
383,143,271,28,0,0,0,2026-02-18 19:31:39
384,17,123,30,0,0,1,2026-02-20 07:44:35
385,152,266,6,0,1,0,2026-02-16 06:17:08
386,58,29,39,0,0,0,2026-02-14 12:41:49
387,72,35,32,0,0,0,2026-02-13 02:49:07
388,109,6,20,1,0,0,2026-02-06 12:10:37
389,23,111,1,1,0,0,2026-02-02 06:11:28
390,174,294,17,0,0,0,2026-02-10 00:45:42
391,72,77,46,0,0,0,2026-02-25 05:25:42
392,8,147,32,0,0,0,2026-02-26 03:13:01
393,59,67,36,0,0,0,2026-02-19 18:52:22
394,111,8,33,0,0,0,2026-02-06 17:12:05
395,187,122,19,1,0,0,2026-02-13 16:59:30
396,13,175,34,1,1,0,2026-02-13 15:15:34
397,167,179,50,0,0,0,2026-02-22 15:56:45
398,156,85,49,0,0,0,2026-02-11 09:59:33
399,189,45,53,0,0,1,2026-02-14 20:43:16
400,16,136,17,0,1,0,2026-02-24 20:17:22
401,119,16,45,0,0,0,2026-02-10 17:13:28
402,2,195,23,1,0,0,2026-02-06 22:52:58
403,145,9,7,0,0,0,2026-02-07 14:08:06
404,30,15,29,1,0,0,2026-02-04 14:16:36
405,103,102,43,0,0,0,2026-02-22 22:40:04
406,13,226,52,0,0,0,2026-02-09 09:09:33
407,96,278,9,0,1,0,2026-02-22 14:35:31
408,94,113,22,0,0,0,2026-02-05 06:17:01
409,82,1,51,0,0,0,2026-02-16 12:20:48
410,13,266,48,0,0,0,2026-02-17 20:46:47
411,171,208,10,1,0,0,2026-02-04 03:39:34
412,94,110,1,0,1,0,2026-02-27 16:47:35
413,149,200,57,0,0,0,2026-02-27 07:40:31
414,112,12,25,1,0,0,2026-02-15 02:17:47
415,55,188,35,1,0,0,2026-02-15 13:28:29
416,81,154,32,1,0,0,2026-02-08 15:30:24
417,168,279,46,0,0,0,2026-02-09 10:49:50
418,116,171,12,1,0,0,2026-02-18 13:10:08
419,143,134,39,0,0,0,2026-02-25 16:44:36
420,180,25,24,0,0,0,2026-02-11 21:15:37
421,108,18,3,0,0,0,2026-02-06 21:23:51
422,53,190,41,0,0,0,2026-02-10 18:09:32
423,128,141,18,0,0,0,2026-02-07 17:48:11
424,180,43,17,0,0,0,2026-02-12 11:49:03
425,158,284,36,0,0,0,2026-02-24 23:34:38
426,161,146,29,0,0,0,2026-02-02 06:37:23
427,57,92,18,0,0,0,2026-02-18 12:28:29
428,52,179,57,1,0,0,2026-02-27 21:28:54
429,137,56,22,1,0,0,2026-02-18 21:48:45
430,182,155,58,0,0,0,2026-02-23 16:34:02
431,111,160,53,1,0,0,2026-02-27 18:42:54
432,1,111,15,0,0,0,2026-02-07 07:11:39
433,44,137,0,0,0,0,2026-02-05 04:26:53
434,75,232,11,0,0,0,2026-02-04 04:36:07
435,98,220,23,0,0,0,2026-02-16 00:20:59
436,9,68,33,1,1,0,2026-02-20 07:53:23
437,32,249,52,0,0,0,2026-02-24 05:41:06
438,15,6,56,0,0,0,2026-02-26 12:28:47
439,140,280,7,0,0,0,2026-02-20 22:36:39
440,185,94,17,0,0,0,2026-02-20 21:01:28
441,136,269,56,1,0,0,2026-02-04 13:55:32
442,72,197,47,1,0,0,2026-02-07 02:00:58
443,155,25,4,0,0,0,2026-02-16 09:21:50
444,190,148,25,1,0,0,2026-02-04 14:24:30
445,12,118,29,0,0,0,2026-02-22 20:15:29
446,65,66,53,1,0,1,2026-02-23 14:44:06
447,107,175,12,0,0,0,2026-02-26 02:46:05
448,42,76,18,0,0,0,2026-02-17 17:23:19
449,190,114,28,0,0,0,2026-02-07 05:31:14
450,115,111,2,0,0,0,2026-02-27 18:18:54
451,139,249,25,0,0,0,2026-02-09 20:00:08
452,103,203,39,0,0,0,2026-02-07 06:20:03
453,171,147,58,0,0,0,2026-02-22 00:02:12
454,95,35,57,1,0,0,2026-02-25 09:52:43
455,17,26,57,0,0,0,2026-02-03 16:33:38
456,160,238,11,0,0,0,2026-02-07 00:39:29
457,85,14,1,0,0,0,2026-02-26 03:37:57
458,168,45,10,1,0,0,2026-02-08 10:16:33
459,151,216,43,0,0,0,2026-02-15 18:19:50
460,56,233,27,1,0,0,2026-02-08 23:50:21
461,134,193,17,1,0,0,2026-02-08 20:42:18
462,86,51,12,0,0,0,2026-02-16 15:55:37
463,178,214,36,0,0,0,2026-02-11 22:41:30
464,102,151,21,0,1,0,2026-02-17 19:08:45
465,165,275,11,0,0,0,2026-02-26 04:33:35
466,192,76,1,1,0,0,2026-02-14 18:56:24
467,54,220,36,1,0,0,2026-02-04 19:52:42
468,200,187,6,0,0,0,2026-02-13 03:58:34
469,177,289,25,0,0,0,2026-02-10 12:42:29
470,115,28,25,1,0,0,2026-02-27 17:46:36
471,139,180,23,0,0,0,2026-02-14 07:45:31
472,88,253,11,0,0,0,2026-02-07 01:50:02
473,49,126,15,0,0,0,2026-02-15 16:48:58
474,149,177,22,0,0,0,2026-02-26 21:32:49
475,115,37,39,1,0,1,2026-02-05 12:51:07
476,194,99,59,0,0,0,2026-02-25 09:32:24
477,63,98,8,0,0,0,2026-02-09 04:28:30
478,104,127,31,1,0,0,2026-02-08 11:38:57
479,83,168,14,0,0,0,2026-02-09 07:27:47
480,103,80,36,1,0,0,2026-02-17 09:21:19
481,156,294,12,0,0,0,2026-02-02 23:59:41
482,17,126,4,0,0,0,2026-02-02 09:03:27
483,6,150,10,1,0,0,2026-02-04 22:37:53
484,147,16,9,0,0,0,2026-02-03 04:58:00
485,184,28,51,0,0,0,2026-02-13 20:20:47
486,28,173,12,0,0,0,2026-02-11 05:36:34
487,194,46,40,0,0,0,2026-02-21 05:21:31
488,38,236,52,0,1,0,2026-02-02 11:17:08
489,119,214,45,1,0,0,2026-02-25 04:15:23
490,37,85,49,1,0,0,2026-02-27 11:38:37
491,115,282,14,1,1,0,2026-02-15 01:29:30
492,68,232,41,0,0,0,2026-02-15 15:57:54
493,177,85,55,0,0,0,2026-02-24 10:40:17
494,43,65,6,0,0,0,2026-02-12 21:18:12
495,164,134,39,1,0,0,2026-02-20 17:07:55
496,58,151,27,0,0,0,2026-02-15 10:32:08
497,13,115,31,0,0,0,2026-02-23 00:25:01
498,52,64,34,1,0,0,2026-02-04 13:01:11
499,58,158,14,0,0,0,2026-02-03 21:48:13
500,32,77,47,0,0,1,2026-02-08 16:10:37
501,105,146,35,1,0,0,2026-02-22 08:10:39
502,188,225,20,1,0,0,2026-02-21 04:14:03
503,83,103,5,0,0,0,2026-02-24 12:11:36
504,186,88,0,0,0,0,2026-02-23 13:06:51
505,99,168,3,1,0,0,2026-02-10 21:42:14
506,104,170,10,0,0,0,2026-02-17 12:21:11
507,184,135,43,0,0,0,2026-02-07 23:23:10
508,28,50,25,0,0,0,2026-02-16 04:11:06
509,129,134,36,0,0,0,2026-02-16 12:01:50
510,170,137,22,0,0,0,2026-02-17 18:23:09
511,48,245,28,0,0,1,2026-02-20 08:32:18
512,40,109,20,0,0,0,2026-02-07 08:21:12
513,97,287,47,0,0,0,2026-02-18 23:42:38
514,191,21,44,1,0,0,2026-02-25 23:59:43
515,200,90,44,1,0,0,2026-02-06 03:42:47
516,114,296,48,1,0,1,2026-02-16 11:47:49
517,132,112,26,0,0,0,2026-02-12 17:38:42
518,166,77,38,0,0,0,2026-02-23 15:28:47
519,155,177,39,0,0,0,2026-02-06 22:44:54
520,137,148,12,1,0,0,2026-02-13 23:37:37
521,111,101,22,0,0,0,2026-02-22 19:49:02
522,144,246,58,0,0,0,2026-02-13 00:50:47
523,184,117,15,1,0,0,2026-02-07 20:08:03
524,76,92,29,0,0,1,2026-02-05 16:47:37
525,31,28,3,0,0,1,2026-02-03 10:57:33
526,119,25,39,1,0,0,2026-02-15 02:07:17
527,142,58,15,1,1,0,2026-02-19 15:34:01
528,25,297,30,0,0,0,2026-02-21 07:09:44
529,34,134,52,1,0,0,2026-02-13 01:15:21
530,67,249,41,0,1,0,2026-02-08 18:03:48
531,152,38,24,1,0,0,2026-02-16 21:29:25
532,118,75,43,0,0,0,2026-02-16 04:20:21
533,73,142,11,0,0,0,2026-02-10 05:10:21
534,26,168,25,0,0,0,2026-02-08 17:38:50
535,148,259,36,1,0,0,2026-02-25 04:31:17
536,192,225,47,0,0,1,2026-02-25 23:41:52
537,104,152,32,0,0,0,2026-02-23 15:52:44
538,10,19,27,0,0,0,2026-02-25 05:05:49
539,67,146,8,1,0,0,2026-02-15 23:28:32
540,152,241,11,0,1,0,2026-02-25 03:28:42
541,5,237,4,0,1,1,2026-02-02 03:00:08
542,195,35,53,0,0,0,2026-02-05 08:54:53
543,186,190,51,0,0,0,2026-02-20 02:09:37
544,27,1,53,0,0,0,2026-02-25 12:53:07
545,113,153,27,0,1,0,2026-02-23 04:42:44
546,15,126,55,0,0,0,2026-02-12 16:28:09
547,163,226,34,0,0,0,2026-02-11 10:39:41
548,105,221,4,1,0,0,2026-02-18 03:09:09
549,181,211,33,0,0,0,2026-02-03 08:41:27
550,44,25,45,0,0,0,2026-02-03 10:53:01
551,26,16,33,1,0,0,2026-02-14 15:48:14
552,175,182,12,0,0,0,2026-02-25 00:35:36
553,162,129,38,1,0,0,2026-02-23 20:16:24
554,95,42,41,0,0,0,2026-02-14 20:55:15
555,178,236,44,0,0,0,2026-02-27 01:17:24
556,84,34,47,0,0,0,2026-02-01 09:31:38
557,140,45,57,1,0,0,2026-02-06 05:14:35
558,132,134,13,0,0,0,2026-02-21 22:04:02
559,87,21,10,0,0,0,2026-02-07 12:02:43
560,176,122,41,1,0,0,2026-02-13 20:07:59
561,183,70,37,0,0,0,2026-02-18 18:09:42
562,112,48,3,0,0,0,2026-02-20 13:49:30
563,129,39,52,0,0,0,2026-02-18 18:20:52
564,89,287,32,1,0,0,2026-02-03 04:42:40
565,66,10,6,0,0,0,2026-02-20 10:42:41
566,158,30,55,0,0,0,2026-02-03 11:36:10
567,131,244,40,0,0,0,2026-02-10 10:47:23
568,122,274,7,0,0,0,2026-02-18 14:22:14
569,149,88,36,1,0,0,2026-02-27 20:33:05
570,84,244,50,1,0,0,2026-02-15 00:14:43
571,177,15,9,1,0,0,2026-02-04 13:40:14
572,116,4,42,1,0,0,2026-02-19 18:07:44
573,190,191,56,0,0,1,2026-02-25 11:30:00
574,116,168,14,0,0,0,2026-02-22 20:42:03
575,38,9,37,1,0,0,2026-02-27 16:37:47
576,143,109,14,0,0,0,2026-02-14 13:53:53
577,110,137,4,0,0,0,2026-02-06 18:25:29
578,180,154,28,1,0,0,2026-02-07 05:54:13
579,46,209,18,0,0,0,2026-02-05 16:38:31
580,25,272,53,1,0,0,2026-02-20 02:55:51
581,21,143,50,0,0,1,2026-02-19 02:48:27
582,121,99,9,0,0,0,2026-02-17 11:03:46
583,122,69,11,0,0,0,2026-02-18 17:57:44
584,133,247,53,0,0,0,2026-02-08 00:05:01
585,70,261,3,1,0,0,2026-02-10 15:55:09
586,113,276,30,0,0,0,2026-02-25 17:10:14
587,107,79,17,0,0,0,2026-02-20 11:38:59
588,112,146,15,0,0,0,2026-02-25 06:37:58
589,108,111,39,0,0,0,2026-02-02 22:54:01
590,47,258,35,0,0,0,2026-02-03 04:46:56
591,196,93,24,1,0,0,2026-02-02 21:20:17
592,91,13,22,0,0,0,2026-02-07 15:39:32
593,18,260,11,1,0,0,2026-02-17 04:01:13
594,149,109,33,1,0,0,2026-02-23 23:57:06
595,104,189,35,0,1,0,2026-02-26 05:03:59
596,151,95,36,0,0,0,2026-02-23 04:25:48
597,192,105,2,1,0,0,2026-02-08 05:31:42
598,195,8,8,0,0,0,2026-02-26 00:36:27
599,40,67,52,0,0,0,2026-02-07 18:51:23
600,138,191,17,0,0,0,2026-02-16 22:06:28
601,89,256,42,1,0,0,2026-02-16 11:06:51
602,180,9,34,1,0,0,2026-02-08 21:19:42
603,200,117,56,1,0,0,2026-02-20 01:49:30
604,61,267,54,0,0,0,2026-02-15 12:37:59
605,192,99,33,0,0,0,2026-02-17 07:54:12
606,5,298,40,0,0,0,2026-02-25 15:03:53
607,122,164,13,0,0,0,2026-02-25 17:51:35
608,181,141,3,0,0,0,2026-02-26 20:13:15
609,55,268,28,1,0,0,2026-02-24 18:42:45
610,37,37,40,1,0,0,2026-02-15 13:16:52
611,56,74,44,0,0,0,2026-02-24 01:17:23
612,187,73,49,0,0,0,2026-02-01 19:23:00
613,102,199,14,0,0,0,2026-02-18 21:10:04
614,93,130,27,0,1,0,2026-02-17 01:55:19
615,197,246,41,1,1,0,2026-02-06 07:41:54
616,73,60,15,1,0,0,2026-02-21 05:18:16
617,59,279,11,0,0,0,2026-02-15 22:28:14
618,2,103,51,0,0,0,2026-02-02 07:02:46
619,193,296,4,0,0,0,2026-02-24 00:56:15
620,104,151,33,0,0,0,2026-02-13 21:21:55
621,188,157,41,0,0,0,2026-02-12 01:06:25
622,51,206,0,0,1,0,2026-02-03 11:49:59
623,30,179,38,0,0,0,2026-02-24 07:45:48
624,11,197,31,1,0,0,2026-02-09 06:39:39
625,108,223,25,0,0,0,2026-02-26 10:46:29
626,76,89,16,0,0,0,2026-02-19 10:57:13
627,167,287,47,0,0,0,2026-02-08 04:10:16
628,90,276,58,0,0,0,2026-02-12 18:10:46
629,123,236,26,0,0,0,2026-02-02 12:46:56
630,200,183,23,0,0,0,2026-02-06 08:02:15
631,191,209,34,0,0,0,2026-02-10 06:16:47
632,192,130,45,0,0,0,2026-02-01 22:03:49
633,189,153,41,1,0,0,2026-02-22 09:50:49
634,125,13,53,0,0,0,2026-02-16 05:28:41
635,182,122,38,1,0,0,2026-02-21 07:54:51
636,122,220,25,0,0,0,2026-02-08 08:25:48
637,94,106,48,0,0,0,2026-02-21 01:08:00
638,103,70,37,0,0,0,2026-02-10 21:33:03
639,186,195,22,0,0,0,2026-02-20 22:07:27
640,184,186,21,1,0,0,2026-02-25 08:39:43
641,162,99,3,1,0,0,2026-02-23 21:27:36
642,31,82,48,1,0,0,2026-02-04 00:33:46
643,52,75,58,1,0,0,2026-02-07 16:52:39
644,89,192,8,0,0,0,2026-02-26 04:18:35
645,76,214,3,0,0,0,2026-02-11 01:34:14
646,129,144,6,0,0,0,2026-02-16 18:42:36
647,183,216,22,1,1,0,2026-02-24 05:20:33
648,22,15,1,1,0,0,2026-02-26 12:13:30
649,40,217,48,0,0,0,2026-02-19 07:01:57
650,101,35,23,1,0,0,2026-02-16 05:32:53
651,111,183,39,0,1,0,2026-02-09 09:46:19
652,129,270,54,0,0,0,2026-02-23 07:32:48
653,65,100,30,0,0,0,2026-02-26 21:08:16
654,191,7,46,0,0,0,2026-02-17 14:50:23
655,182,30,30,1,1,0,2026-02-27 12:27:15
656,170,144,46,0,0,0,2026-02-18 04:46:27
657,149,111,39,0,0,0,2026-02-13 20:00:15
658,79,232,47,0,0,1,2026-02-24 12:06:38
659,22,179,50,0,0,0,2026-02-10 08:00:14
660,166,72,42,0,0,0,2026-02-12 23:12:56
661,99,210,33,0,0,0,2026-02-14 13:03:57
662,8,220,54,0,0,0,2026-02-15 11:46:36
663,190,80,23,0,0,0,2026-02-11 21:59:20
664,175,83,48,0,0,0,2026-02-15 10:44:45
665,17,42,59,1,0,0,2026-02-15 00:42:51
666,17,273,25,0,0,0,2026-02-11 01:29:46
667,90,191,15,0,0,0,2026-02-24 17:43:47
668,141,173,56,0,1,0,2026-02-16 09:22:45
669,145,7,46,0,0,0,2026-02-24 07:00:41
670,166,155,12,0,0,0,2026-02-17 22:23:06
671,81,10,14,1,0,0,2026-02-14 06:36:04
672,78,34,26,1,0,0,2026-02-14 23:17:56
673,173,36,3,1,0,0,2026-02-06 21:59:37
674,6,6,15,0,0,0,2026-02-27 08:51:47
675,163,215,29,0,0,0,2026-02-19 10:22:32
676,110,134,43,1,0,0,2026-02-20 03:39:49
677,14,285,29,0,0,0,2026-02-17 18:06:39
678,72,126,35,0,1,0,2026-02-08 02:39:25
679,189,174,2,1,0,0,2026-02-15 02:24:06
680,143,152,21,0,1,0,2026-02-03 01:00:39
681,54,26,48,0,1,0,2026-02-14 23:06:49
682,27,115,21,0,0,1,2026-02-04 20:04:33
683,13,284,49,0,0,0,2026-02-17 19:32:33
684,159,75,56,0,0,1,2026-02-22 11:24:19
685,163,166,49,0,0,0,2026-02-13 10:46:43
686,60,189,54,0,0,0,2026-02-24 06:10:04
687,6,78,59,0,1,0,2026-02-11 09:18:45
688,197,90,48,0,0,0,2026-02-10 19:25:34
689,58,176,11,1,0,0,2026-02-27 03:29:19
690,49,21,54,0,0,0,2026-02-14 03:53:33
691,151,54,20,0,0,0,2026-02-14 04:27:43
692,162,184,55,0,0,0,2026-02-07 15:56:04
693,26,222,3,1,0,0,2026-02-06 07:15:29
694,47,179,30,0,0,0,2026-02-12 14:47:01
695,5,276,43,0,0,0,2026-02-12 18:29:02
696,20,112,30,0,0,0,2026-02-03 11:08:45
697,134,224,57,1,0,0,2026-02-26 18:42:29
698,198,214,22,0,0,0,2026-02-11 22:55:35
699,59,59,53,0,0,1,2026-02-12 07:16:27
700,192,109,52,0,0,0,2026-02-03 13:09:23
701,146,157,19,0,0,1,2026-02-05 20:44:20
702,132,191,14,1,0,0,2026-02-21 01:31:51
703,17,200,22,1,0,0,2026-02-17 00:49:11
704,14,196,27,0,0,0,2026-02-23 22:23:25
705,13,35,15,1,0,0,2026-02-05 21:08:35
706,135,246,36,0,0,0,2026-02-07 16:09:38
707,128,237,20,0,0,0,2026-02-01 06:02:12
708,44,104,14,0,0,0,2026-02-27 17:12:25
709,119,7,16,0,1,0,2026-02-08 16:00:52
710,143,283,49,1,0,0,2026-02-20 18:04:53
711,19,1,36,0,0,0,2026-02-24 02:13:48
712,63,219,12,0,0,0,2026-02-24 04:16:04
713,163,230,18,0,0,0,2026-02-10 16:22:58
714,81,172,29,0,1,0,2026-02-14 22:39:53
715,163,87,44,0,0,0,2026-02-16 14:11:14
716,147,41,17,0,1,0,2026-02-14 20:31:58
717,148,123,13,1,0,0,2026-02-03 20:55:45
718,100,298,35,0,0,0,2026-02-05 08:13:45
719,163,178,35,0,0,0,2026-02-12 06:33:22
720,160,63,19,1,0,0,2026-02-26 23:29:51
721,122,165,51,1,0,0,2026-02-02 19:27:20
722,176,187,18,0,0,0,2026-02-09 11:57:54
723,44,209,44,1,0,0,2026-02-21 06:52:16
724,104,227,43,0,0,0,2026-02-09 12:48:31
725,152,48,6,0,0,0,2026-02-02 18:20:20
726,61,224,56,0,0,0,2026-02-20 06:31:55
727,125,3,43,1,0,0,2026-02-25 01:09:50
728,145,175,52,0,0,0,2026-02-10 01:04:07
729,71,99,3,0,0,0,2026-02-15 01:15:12
730,107,116,58,0,0,0,2026-02-02 19:39:04
731,50,270,33,1,0,0,2026-02-01 10:47:49
732,65,253,1,0,0,0,2026-02-15 11:39:07
733,99,95,4,0,0,0,2026-02-06 05:00:51
734,32,273,54,0,0,0,2026-02-17 06:21:08
735,164,24,9,1,0,0,2026-02-14 19:32:18
736,141,116,31,1,0,0,2026-02-23 01:21:18
737,198,151,41,0,0,0,2026-02-27 08:59:27
738,58,50,40,0,0,0,2026-02-26 10:52:31
739,128,206,12,1,0,0,2026-02-24 23:26:58
740,142,79,38,0,0,0,2026-02-07 12:21:15
741,165,70,4,1,0,0,2026-02-25 11:27:01
742,112,27,57,1,0,0,2026-02-23 17:17:01
743,68,271,9,0,0,0,2026-02-14 05:52:41
744,40,50,9,0,0,0,2026-02-10 08:38:29
745,187,292,37,0,0,0,2026-02-06 11:14:34
746,144,247,26,0,0,0,2026-02-17 01:16:29
747,190,264,59,0,0,1,2026-02-08 21:19:10
748,132,79,50,0,1,0,2026-02-23 06:40:26
749,173,190,20,0,0,0,2026-02-13 11:44:07
750,90,47,7,0,0,0,2026-02-10 00:56:15
751,28,189,0,0,0,0,2026-02-01 16:24:33
752,96,256,27,0,0,0,2026-02-17 08:45:50
753,194,222,48,1,0,0,2026-02-15 07:43:41
754,31,241,38,0,1,1,2026-02-10 09:02:57
755,3,269,13,1,0,0,2026-02-09 12:27:59
756,136,1,20,0,0,0,2026-02-20 16:25:49
757,24,34,29,0,0,0,2026-02-21 18:18:37
758,15,79,20,1,0,0,2026-02-26 00:20:43
759,171,236,48,0,1,0,2026-02-16 22:03:44
760,159,98,8,0,0,0,2026-02-05 05:03:24
761,45,82,16,0,0,0,2026-02-20 11:00:16
762,194,192,4,0,0,0,2026-02-05 15:07:54
763,8,253,57,0,0,1,2026-02-09 23:17:08
764,71,38,56,0,0,0,2026-02-07 19:49:28
765,108,14,30,0,0,0,2026-02-24 04:16:27
766,115,209,51,0,0,0,2026-02-16 17:01:23
767,103,89,39,0,0,0,2026-02-13 00:59:44
768,125,56,37,0,1,0,2026-02-01 07:57:27
769,57,94,42,0,0,0,2026-02-13 15:50:12
770,30,93,18,0,0,0,2026-02-19 14:53:47
771,146,85,35,1,0,0,2026-02-12 10:24:07
772,114,245,49,0,0,0,2026-02-22 16:29:04
773,197,22,32,0,0,0,2026-02-13 23:04:15
774,117,291,12,0,0,0,2026-02-17 00:02:28
775,167,272,13,1,0,0,2026-02-15 15:47:32
776,60,122,55,0,0,0,2026-02-01 13:19:24
777,98,128,32,1,0,0,2026-02-13 16:43:53
778,171,113,28,0,0,0,2026-02-18 10:54:30
779,126,273,42,0,0,0,2026-02-12 11:18:44
780,173,130,48,1,0,0,2026-02-04 00:22:48
781,151,132,35,0,0,0,2026-02-06 17:44:30
782,197,85,57,0,1,0,2026-02-23 14:13:28
783,94,81,43,1,0,0,2026-02-15 21:27:19
784,134,69,9,1,0,0,2026-02-08 18:05:00
785,184,148,30,0,0,0,2026-02-20 16:20:40
786,122,16,5,0,0,0,2026-02-25 09:28:43
787,108,105,56,1,0,0,2026-02-16 02:18:56
788,4,165,0,0,1,0,2026-02-06 16:47:57
789,93,201,6,1,1,1,2026-02-15 07:44:37
790,151,197,57,0,0,0,2026-02-18 20:13:10
791,6,185,26,0,0,0,2026-02-11 17:18:28
792,32,265,20,1,0,0,2026-02-11 15:18:11
793,106,100,27,0,0,0,2026-02-07 11:37:08
794,146,214,15,0,0,0,2026-02-24 05:07:20
795,15,278,55,0,0,0,2026-02-08 10:28:26
796,168,162,45,0,0,1,2026-02-23 02:05:18
797,122,157,22,0,0,0,2026-02-19 03:18:16
798,96,251,51,1,0,0,2026-02-21 04:29:42
799,6,97,19,0,1,0,2026-02-27 15:54:16
800,112,18,37,0,0,0,2026-02-23 20:33:16
801,120,97,53,1,0,0,2026-02-27 02:15:12
802,123,1,24,0,1,0,2026-02-11 14:28:04
803,191,216,27,0,0,0,2026-02-13 00:19:05
804,67,132,4,0,0,0,2026-02-04 23:23:08
805,106,260,55,1,0,1,2026-02-26 12:15:34
806,139,125,20,0,0,0,2026-02-22 16:29:56
807,43,82,17,0,0,0,2026-02-26 15:21:58
808,145,283,46,0,0,0,2026-02-18 13:30:35
809,96,171,5,0,0,0,2026-02-04 18:59:46
810,132,59,56,0,0,0,2026-02-06 10:43:57
811,191,32,28,0,0,0,2026-02-03 23:57:12
812,196,161,18,0,0,0,2026-02-27 14:03:27
813,81,284,32,1,0,0,2026-02-25 12:56:06
814,41,106,0,0,0,0,2026-02-10 19:31:46
815,133,105,44,0,0,0,2026-02-27 01:15:15
816,160,228,2,0,0,0,2026-02-08 06:35:26
817,198,188,41,0,0,0,2026-02-08 23:41:58
818,35,70,20,0,1,0,2026-02-16 22:17:05
819,22,290,34,0,0,0,2026-02-26 06:14:30
820,193,87,40,0,0,0,2026-02-22 10:46:53
821,150,56,39,1,0,0,2026-02-06 15:25:45
822,112,113,2,0,0,0,2026-02-10 23:18:36
823,11,13,24,0,0,0,2026-02-24 17:31:33
824,3,18,44,0,0,0,2026-02-05 09:57:16
825,137,182,37,0,0,0,2026-02-25 18:37:49
826,60,113,44,0,0,0,2026-02-22 15:01:29
827,76,229,54,0,0,0,2026-02-03 16:49:13
828,87,171,19,0,0,0,2026-02-23 00:17:12
829,14,295,51,1,0,0,2026-02-07 09:43:34
830,18,189,43,0,0,0,2026-02-25 21:58:37
831,113,79,44,0,1,0,2026-02-21 04:00:16
832,73,146,33,0,0,0,2026-02-23 04:12:31
833,23,182,20,0,0,1,2026-02-03 19:16:05
834,83,286,55,0,0,0,2026-02-23 10:42:35
835,125,250,54,1,1,0,2026-02-15 23:02:36
836,175,196,47,0,1,0,2026-02-02 01:21:51
837,69,71,22,1,1,0,2026-02-20 05:18:49
838,47,248,5,1,0,0,2026-02-13 08:27:50
839,116,146,50,0,0,0,2026-02-01 03:30:47
840,30,106,52,0,0,0,2026-02-11 13:52:24
841,25,263,12,0,0,0,2026-02-04 13:05:08
842,156,296,48,0,0,0,2026-02-03 04:45:59
843,112,70,22,1,0,0,2026-02-21 13:38:35
844,25,193,8,0,0,0,2026-02-17 17:24:18
845,74,68,16,1,0,0,2026-02-04 02:17:08
846,58,52,1,0,0,0,2026-02-27 06:30:04
847,94,285,18,1,0,0,2026-02-03 22:12:10
848,119,9,18,1,0,0,2026-02-04 08:24:47
849,127,251,55,0,0,0,2026-02-23 22:00:10
850,169,298,6,0,0,0,2026-02-02 12:58:25
851,25,184,53,0,0,0,2026-02-14 22:29:05
852,78,179,41,1,0,0,2026-02-20 20:21:52
853,99,198,41,1,0,0,2026-02-09 17:41:36
854,116,128,58,1,0,0,2026-02-07 13:47:09
855,48,20,19,0,0,0,2026-02-21 09:45:25
856,10,65,8,0,0,0,2026-02-19 04:16:42
857,99,182,16,1,1,0,2026-02-19 13:37:15
858,11,241,26,0,0,0,2026-02-22 18:35:01
859,85,24,46,1,0,0,2026-02-19 07:48:54
860,149,83,1,0,0,0,2026-02-19 05:39:31
861,173,185,35,0,0,0,2026-02-04 21:29:52
862,135,99,18,0,0,0,2026-02-27 04:19:49
863,192,62,16,0,0,0,2026-02-07 10:56:39
864,126,286,4,0,0,0,2026-02-17 21:10:52
865,64,22,38,0,1,0,2026-02-06 18:13:03
866,2,212,17,0,1,0,2026-02-09 15:56:12
867,76,126,52,0,0,0,2026-02-27 01:57:05
868,121,42,53,0,0,0,2026-02-20 01:56:47
869,42,98,58,1,1,0,2026-02-26 16:08:46
870,54,31,6,1,0,0,2026-02-07 04:22:12
871,75,158,16,1,0,0,2026-02-11 19:27:10
872,16,112,38,1,0,0,2026-02-01 04:02:48
873,18,247,35,0,0,0,2026-02-02 02:29:18
874,187,122,39,0,0,0,2026-02-15 11:37:05
875,90,273,44,0,0,1,2026-02-23 11:26:19
876,144,294,3,1,0,0,2026-02-27 10:19:29
877,6,207,37,0,1,0,2026-02-21 14:08:41
878,185,110,24,0,0,0,2026-02-26 19:44:51
879,108,278,4,1,0,0,2026-02-19 09:53:20
880,175,56,29,0,0,0,2026-02-12 03:34:40
881,48,57,11,0,0,0,2026-02-13 00:22:20
882,42,291,3,0,0,0,2026-02-23 08:40:02
883,76,114,23,0,0,0,2026-02-17 19:18:19
884,188,198,28,0,0,0,2026-02-08 12:43:46
885,77,179,8,0,0,1,2026-02-14 09:09:18
886,132,219,3,0,0,0,2026-02-10 03:35:44
887,130,277,50,0,0,0,2026-02-06 11:28:24
888,59,16,23,1,0,0,2026-02-02 13:32:09
889,155,61,13,1,0,1,2026-02-21 08:27:02
890,27,54,4,0,0,0,2026-02-01 18:13:43
891,79,168,17,1,0,0,2026-02-12 16:23:47
892,72,26,41,0,0,0,2026-02-11 00:06:08
893,7,65,56,0,0,0,2026-02-04 06:23:58
894,191,100,18,0,1,0,2026-02-05 21:33:11
895,111,74,11,0,0,0,2026-02-02 15:07:09
896,119,192,17,0,0,0,2026-02-22 16:08:29
897,174,171,16,0,0,0,2026-02-03 08:42:43
898,63,273,29,0,0,0,2026-02-12 21:08:09
899,124,187,23,1,0,0,2026-02-03 03:32:22
900,12,23,10,0,0,0,2026-02-20 12:40:23
901,141,181,34,0,0,0,2026-02-22 07:25:43
902,43,108,22,0,0,0,2026-02-12 09:01:30
903,17,162,16,0,0,0,2026-02-27 04:51:56
904,63,206,0,0,0,0,2026-02-11 13:08:13
905,120,78,14,0,0,0,2026-02-03 17:45:43
906,36,16,31,0,0,0,2026-02-07 19:16:11
907,8,96,59,1,0,0,2026-02-25 11:04:52
908,69,147,8,0,0,0,2026-02-15 01:00:58
909,90,2,14,1,0,0,2026-02-12 08:49:04
910,36,10,27,0,0,0,2026-02-16 11:32:59
911,28,125,23,0,0,0,2026-02-16 13:36:06
912,118,81,59,0,0,0,2026-02-12 12:00:47
913,93,140,34,0,1,0,2026-02-15 15:34:51
914,175,150,21,0,0,0,2026-02-07 22:54:37
915,76,288,26,0,1,0,2026-02-26 07:18:05
916,101,129,18,1,0,0,2026-02-11 17:32:00
917,158,239,44,1,1,0,2026-02-21 01:49:57
918,151,58,11,0,0,0,2026-02-15 14:06:32
919,144,198,19,0,0,0,2026-02-14 08:34:39
920,14,211,0,0,0,0,2026-02-03 23:01:14
921,71,45,20,0,0,0,2026-02-09 12:02:41
922,180,97,48,1,0,0,2026-02-21 17:43:29
923,124,279,44,1,0,0,2026-02-27 23:36:46
924,125,23,0,1,0,0,2026-02-25 01:26:24
925,37,44,9,0,0,0,2026-02-03 06:37:26
926,29,27,46,0,0,0,2026-02-17 17:16:20
927,195,282,58,0,0,0,2026-02-19 12:04:38
928,143,97,58,1,0,0,2026-02-26 11:02:37
929,175,36,31,0,0,1,2026-02-16 11:21:09
930,174,109,38,0,0,0,2026-02-21 05:03:12
931,180,55,59,0,0,0,2026-02-20 19:39:23
932,19,192,21,1,1,0,2026-02-08 05:51:04
933,106,219,17,0,0,0,2026-02-15 13:23:43
934,21,185,47,0,0,0,2026-02-19 06:36:28
935,64,69,45,1,0,0,2026-02-09 22:14:04
936,165,130,31,1,0,0,2026-02-27 02:43:54
937,27,55,26,0,0,0,2026-02-23 23:41:21
938,55,97,27,0,0,1,2026-02-12 16:44:53
939,29,87,17,1,0,0,2026-02-11 22:32:43
940,148,294,58,1,0,0,2026-02-15 14:22:59
941,25,119,38,0,0,0,2026-02-08 00:10:55
942,70,208,48,0,0,0,2026-02-23 11:27:48
943,63,154,28,0,0,0,2026-02-03 19:08:12
944,164,35,17,1,0,0,2026-02-21 00:48:14
945,130,79,43,0,0,1,2026-02-21 05:16:00
946,150,67,7,0,0,0,2026-02-26 17:29:06
947,16,34,53,0,0,0,2026-02-07 12:13:45
948,146,97,30,1,0,0,2026-02-19 20:32:27
949,197,169,33,0,0,0,2026-02-12 18:57:02
950,182,169,6,0,0,0,2026-02-13 09:05:29
951,100,151,35,0,0,0,2026-02-10 20:54:16
952,30,71,17,0,0,0,2026-02-17 00:47:03
953,45,3,59,0,0,0,2026-02-04 20:07:25
954,19,32,37,1,0,0,2026-02-22 20:02:22
955,34,287,58,0,0,0,2026-02-19 00:20:11
956,141,82,8,1,0,0,2026-02-05 11:43:42
957,171,43,58,0,0,0,2026-02-27 00:03:38
958,62,105,8,0,0,0,2026-02-10 05:55:37
959,118,1,45,0,0,0,2026-02-03 12:02:40
960,100,61,7,0,0,0,2026-02-14 00:46:49
961,22,270,50,0,0,0,2026-02-19 07:25:57
962,180,180,34,1,0,0,2026-02-02 22:04:34
963,180,224,17,1,0,0,2026-02-04 12:47:59
964,111,6,4,0,0,0,2026-02-10 03:13:34
965,164,103,13,1,0,0,2026-02-11 12:50:33
966,73,10,27,0,0,0,2026-02-24 06:32:05
967,147,71,29,1,0,0,2026-02-11 03:22:24
968,38,90,3,0,0,1,2026-02-17 03:55:53
969,70,226,38,0,0,0,2026-02-15 17:14:22
970,116,158,19,1,0,1,2026-02-01 17:51:54
971,79,228,24,0,0,0,2026-02-11 06:46:26
972,185,126,27,0,0,0,2026-02-10 05:23:37
973,148,209,11,0,0,0,2026-02-06 16:40:59
974,9,97,1,0,0,0,2026-02-24 05:58:59
975,32,74,42,1,0,0,2026-02-12 18:38:29
976,132,115,13,0,0,0,2026-02-10 22:16:30
977,50,191,21,1,0,0,2026-02-20 06:06:35
978,82,170,30,0,0,0,2026-02-12 14:50:26
979,5,204,22,0,0,0,2026-02-27 19:13:08
980,148,56,47,1,0,0,2026-02-16 14:42:31
981,87,208,19,0,0,0,2026-02-14 17:47:16
982,126,41,37,1,0,0,2026-02-19 11:30:11
983,75,32,54,0,0,0,2026-02-23 15:13:16
984,165,15,3,0,0,0,2026-02-26 21:44:50
985,22,62,14,0,0,0,2026-02-18 10:34:03
986,186,155,23,0,0,0,2026-02-15 23:20:16
987,68,284,24,0,0,0,2026-02-13 16:44:28
988,44,209,0,1,0,0,2026-02-18 11:00:58
989,34,187,6,0,0,0,2026-02-25 21:28:28
990,77,130,56,0,0,1,2026-02-25 03:22:12
991,42,127,30,0,0,0,2026-02-23 14:56:02
992,137,292,11,0,0,0,2026-02-05 18:53:12
993,106,114,41,0,0,1,2026-02-23 18:59:45
994,95,199,4,1,0,0,2026-02-16 13:05:55
995,135,13,43,1,0,0,2026-02-10 20:39:38
996,68,271,49,1,0,0,2026-02-18 23:54:09
997,147,89,41,1,0,0,2026-02-16 04:34:50
998,159,215,37,0,0,0,2026-02-21 02:15:48
999,128,278,59,1,0,0,2026-02-03 05:15:44
1000,163,203,11,0,0,0,2026-02-11 17:48:10
