video_id,creator_id,category,upload_time,video_length_sec
1,14,Bollywood,2026-02-06 09:42:36,59
2,24,Education,2026-02-02 05:08:22,17
3,2,Comedy,2026-02-14 08:25:56,17
4,45,Education,2026-02-12 21:19:10,22
5,26,Comedy,2026-02-11 20:03:33,36
6,14,Devotional,2026-02-07 18:34:24,36
7,7,Romance,2026-02-05 23:24:55,39
8,3,Comedy,2026-02-27 11:23:53,43
9,47,Education,2026-02-05 05:17:27,50
10,23,Devotional,2026-02-21 11:34:28,56
11,46,Comedy,2026-02-02 13:01:46,33
12,43,Bollywood,2026-02-02 10:42:58,53
13,47,Romance,2026-02-05 13:09:46,33
14,45,Comedy,2026-02-11 14:43:54,57
15,18,Devotional,2026-02-12 07:04:10,48
16,38,Bollywood,2026-02-25 12:46:53,20
17,35,Devotional,2026-02-02 06:54:59,48
18,15,Devotional,2026-02-10 15:39:45,51
19,25,Bollywood,2026-02-27 10:54:10,14
20,37,Devotional,2026-02-21 08:46:33,34
21,28,Bollywood,2026-02-11 16:49:54,29
22,10,Comedy,2026-02-22 19:21:59,43
23,39,Bollywood,2026-02-14 12:06:56,24
24,17,Bollywood,2026-02-01 07:34:17,9
25,39,Romance,2026-02-08 18:00:59,5
26,22,Bollywood,2026-02-21 12:22:53,34
27,26,Bollywood,2026-02-17 12:25:14,53
28,44,Comedy,2026-02-14 11:44:36,7
29,25,Romance,2026-02-08 13:08:48,49
30,17,Education,2026-02-11 10:51:31,18
31,13,Comedy,2026-02-17 08:09:39,34
32,20,Comedy,2026-02-05 23:05:00,54
33,25,Education,2026-02-05 12:03:24,8
34,4,Bollywood,2026-02-19 10:38:50,22
35,10,Devotional,2026-02-05 16:40:57,41
36,3,Romance,2026-02-18 10:14:28,29
37,41,Devotional,2026-02-17 16:44:14,52
38,45,Education,2026-02-13 20:11:20,5
39,18,Comedy,2026-02-03 02:37:24,57
40,47,Comedy,2026-02-23 07:16:07,50
41,36,Romance,2026-02-27 00:45:03,19
42,47,Comedy,2026-02-07 01:25:58,13
43,22,Comedy,2026-02-19 09:01:28,19
44,34,Romance,2026-02-04 19:48:31,53
45,47,Romance,2026-02-27 19:10:26,28
46,8,Education,2026-02-15 05:34:38,8
47,40,Comedy,2026-02-18 13:20:07,16
48,49,Comedy,2026-02-10 08:01:56,41
49,44,Education,2026-02-04 09:02:15,41
50,19,Bollywood,2026-02-03 05:23:21,47
51,42,Bollywood,2026-02-12 01:31:14,10
52,41,Bollywood,2026-02-15 01:09:41,43
53,37,Education,2026-02-04 20:57:51,50
54,6,Comedy,2026-02-12 07:13:15,28
55,26,Education,2026-02-05 21:40:30,15
56,34,Education,2026-02-19 10:52:44,17
57,45,Bollywood,2026-02-14 11:51:45,38
58,6,Devotional,2026-02-23 00:15:40,29
59,37,Comedy,2026-02-18 17:03:37,11
60,33,Bollywood,2026-02-08 21:30:20,56
61,22,Devotional,2026-02-18 23:17:31,8
62,21,Devotional,2026-02-18 05:55:13,12
63,6,Romance,2026-02-11 04:05:36,24
64,6,Comedy,2026-02-13 23:03:06,33
65,48,Devotional,2026-02-04 11:11:23,58
66,4,Bollywood,2026-02-09 07:23:27,57
67,30,Romance,2026-02-26 22:19:05,55
68,11,Comedy,2026-02-12 21:13:31,49
69,30,Education,2026-02-08 22:22:39,50
70,31,Bollywood,2026-02-23 10:34:19,14
71,24,Devotional,2026-02-19 10:05:51,47
72,9,Devotional,2026-02-14 02:30:43,38
73,3,Bollywood,2026-02-11 15:52:12,30
74,31,Devotional,2026-02-16 17:49:00,45
75,40,Romance,2026-02-03 17:10:20,53
76,37,Comedy,2026-02-12 02:51:37,7
77,36,Romance,2026-02-02 13:23:58,10
78,24,Devotional,2026-02-16 07:31:45,9
79,31,Education,2026-02-20 11:23:27,9
80,6,Comedy,2026-02-13 23:56:26,58
81,2,Comedy,2026-02-04 05:06:55,51
82,20,Bollywood,2026-02-11 05:48:46,27
83,28,Bollywood,2026-02-16 06:37:34,53
84,11,Education,2026-02-11 07:43:40,13
85,4,Comedy,2026-02-25 05:38:47,39
86,15,Education,2026-02-20 04:56:40,24
87,6,Bollywood,2026-02-23 06:36:04,53
88,49,Bollywood,2026-02-07 22:27:26,46
89,30,Comedy,2026-02-13 20:36:27,39
90,38,Romance,2026-02-07 18:40:52,54
91,2,Devotional,2026-02-12 23:20:30,22
92,15,Bollywood,2026-02-27 03:57:14,21
93,11,Bollywood,2026-02-13 18:06:58,28
94,8,Romance,2026-02-21 19:09:41,7
95,26,Romance,2026-02-20 09:20:07,36
96,45,Education,2026-02-18 13:45:23,39
97,44,Education,2026-02-11 15:31:37,42
98,5,Devotional,2026-02-07 17:10:05,17
99,6,Devotional,2026-02-25 17:38:28,51
100,26,Comedy,2026-02-24 22:59:15,29
101,4,Education,2026-02-05 09:55:01,13
102,19,Bollywood,2026-02-03 06:53:40,8
103,20,Education,2026-02-06 07:45:01,18
104,33,Bollywood,2026-02-08 10:04:22,41
105,20,Romance,2026-02-08 18:23:33,38
106,49,Education,2026-02-21 11:51:07,15
107,12,Romance,2026-02-04 02:00:54,45
108,47,Devotional,2026-02-19 16:17:11,7
109,1,Devotional,2026-02-19 12:37:07,32
110,26,Comedy,2026-02-23 17:19:03,33
111,14,Education,2026-02-26 16:27:46,13
112,38,Romance,2026-02-13 04:55:07,7
113,37,Bollywood,2026-02-27 20:33:17,29
114,11,Devotional,2026-02-01 13:22:34,38
115,36,Devotional,2026-02-06 13:27:44,16
116,13,Bollywood,2026-02-27 01:36:56,46
117,43,Romance,2026-02-13 22:52:25,13
118,3,Romance,2026-02-17 12:19:59,19
119,33,Education,2026-02-06 09:58:03,44
120,6,Education,2026-02-15 05:57:08,29
121,50,Comedy,2026-02-22 02:32:17,9
122,10,Devotional,2026-02-08 16:16:01,15
123,5,Education,2026-02-23 00:37:35,38
124,23,Romance,2026-02-01 03:46:51,28
125,10,Bollywood,2026-02-13 18:52:13,19
126,44,Romance,2026-02-25 07:13:30,42
127,2,Devotional,2026-02-09 16:08:40,12
128,13,Romance,2026-02-25 15:29:31,9
129,40,Comedy,2026-02-06 03:58:39,52
130,2,Devotional,2026-02-15 11:42:48,30
131,20,Bollywood,2026-02-25 15:28:12,22
132,1,Comedy,2026-02-10 15:44:53,10
133,37,Devotional,2026-02-08 10:04:14,41
134,9,Bollywood,2026-02-19 03:38:28,52
135,17,Comedy,2026-02-08 20:13:05,17
136,9,Comedy,2026-02-27 04:25:19,32
137,11,Devotional,2026-02-26 17:54:24,9
138,15,Education,2026-02-01 00:39:58,17
139,24,Comedy,2026-02-16 17:40:09,21
140,38,Comedy,2026-02-24 17:16:00,54
141,35,Bollywood,2026-02-01 22:41:31,44
142,30,Romance,2026-02-06 10:20:07,49
143,31,Devotional,2026-02-18 14:54:11,36
144,49,Devotional,2026-02-15 22:16:47,33
145,5,Education,2026-02-12 14:58:55,55
146,44,Education,2026-02-03 19:29:15,7
147,50,Devotional,2026-02-12 16:38:08,44
148,14,Education,2026-02-04 19:45:31,38
149,11,Bollywood,2026-02-05 03:47:36,44
150,9,Devotional,2026-02-24 14:13:11,31
151,34,Education,2026-02-04 08:38:18,17
152,12,Devotional,2026-02-26 20:38:51,49
153,35,Romance,2026-02-07 02:31:17,37
154,35,Comedy,2026-02-07 05:35:12,10
155,1,Devotional,2026-02-24 01:44:38,28
156,40,Comedy,2026-02-27 16:34:03,23
157,22,Education,2026-02-09 00:23:12,20
158,29,Comedy,2026-02-13 20:48:48,44
159,8,Devotional,2026-02-26 14:47:04,32
160,11,Romance,2026-02-21 12:59:29,37
161,41,Education,2026-02-11 06:45:46,52
162,37,Devotional,2026-02-27 04:19:31,45
163,14,Education,2026-02-10 18:21:28,17
164,30,Bollywood,2026-02-16 03:10:32,47
165,35,Comedy,2026-02-20 08:51:34,49
166,21,Bollywood,2026-02-19 03:03:59,29
167,37,Devotional,2026-02-22 06:25:24,57
168,5,Romance,2026-02-26 03:01:10,46
169,19,Education,2026-02-22 22:01:10,40
170,14,Comedy,2026-02-06 20:58:48,31
171,26,Education,2026-02-13 00:49:51,42
172,4,Devotional,2026-02-11 21:47:28,11
173,25,Education,2026-02-04 02:35:44,9
174,45,Comedy,2026-02-17 09:53:53,47
175,42,Devotional,2026-02-02 00:30:24,49
176,25,Education,2026-02-27 21:21:55,55
177,18,Romance,2026-02-12 04:06:11,35
178,40,Devotional,2026-02-11 16:34:18,27
179,8,Devotional,2026-02-01 08:22:40,46
180,39,Romance,2026-02-04 10:42:46,14
181,40,Bollywood,2026-02-03 20:35:34,36
182,14,Comedy,2026-02-12 02:44:11,47
183,32,Bollywood,2026-02-04 06:31:37,57
184,38,Education,2026-02-02 12:35:55,34
185,33,Romance,2026-02-17 00:58:37,43
186,23,Bollywood,2026-02-04 10:33:17,35
187,15,Devotional,2026-02-25 23:02:07,22
188,33,Education,2026-02-12 13:17:43,40
189,25,Education,2026-02-14 12:26:58,6
190,17,Bollywood,2026-02-24 13:32:55,18
191,33,Bollywood,2026-02-11 09:36:14,17
192,47,Romance,2026-02-27 04:15:11,33
193,2,Comedy,2026-02-07 10:09:16,16
194,14,Bollywood,2026-02-23 22:42:05,43
195,40,Bollywood,2026-02-12 19:06:44,6
196,40,Devotional,2026-02-23 23:03:12,36
197,39,Education,2026-02-20 18:15:33,17
198,6,Comedy,2026-02-10 05:50:37,50
199,6,Devotional,2026-02-05 13:53:51,31
200,3,Romance,2026-02-05 16:55:57,53
201,7,Romance,2026-02-21 22:12:39,45
202,8,Bollywood,2026-02-18 04:47:11,21
203,42,Bollywood,2026-02-21 13:30:17,44
204,15,Romance,2026-02-20 22:58:07,35
205,47,Bollywood,2026-02-23 16:07:23,38
206,29,Comedy,2026-02-03 15:06:50,28
207,33,Bollywood,2026-02-05 18:39:54,49
208,30,Education,2026-02-03 22:37:07,39
209,39,Bollywood,2026-02-20 13:05:16,52
210,27,Devotional,2026-02-17 11:18:58,10
211,36,Comedy,2026-02-06 07:18:27,23
212,29,Devotional,2026-02-13 01:42:20,34
213,38,Devotional,2026-02-10 07:13:07,11
214,33,Education,2026-02-10 05:36:33,14
215,37,Comedy,2026-02-27 00:49:05,45
216,27,Comedy,2026-02-22 18:40:21,36
217,33,Comedy,2026-02-07 19:19:27,38
218,4,Comedy,2026-02-21 11:31:39,32
219,22,Comedy,2026-02-09 21:46:44,19
220,2,Education,2026-02-14 12:31:43,34
221,10,Bollywood,2026-02-23 11:00:02,41
222,5,Devotional,2026-02-13 03:02:44,33
223,10,Comedy,2026-02-04 15:49:47,26
224,33,Bollywood,2026-02-22 12:17:05,8
225,38,Bollywood,2026-02-27 17:10:31,24
226,13,Devotional,2026-02-05 18:04:18,36
227,31,Education,2026-02-03 10:56:22,40
228,47,Romance,2026-02-27 05:49:50,54
229,36,Romance,2026-02-01 17:11:38,8
230,45,Bollywood,2026-02-05 12:39:32,31
231,24,Devotional,2026-02-12 11:24:07,21
232,15,Romance,2026-02-09 01:45:59,16
233,29,Bollywood,2026-02-20 17:30:24,26
234,8,Education,2026-02-24 13:48:46,21
235,5,Romance,2026-02-24 08:49:23,14
236,29,Bollywood,2026-02-11 09:02:01,58
237,47,Bollywood,2026-02-20 11:14:44,5
238,4,Comedy,2026-02-03 20:18:54,26
239,12,Education,2026-02-08 23:48:58,30
240,45,Comedy,2026-02-19 09:32:08,22
241,2,Devotional,2026-02-01 02:30:40,54
242,27,Comedy,2026-02-19 22:52:27,18
243,31,Comedy,2026-02-13 20:59:02,51
244,36,Romance,2026-02-23 02:07:23,33
245,36,Bollywood,2026-02-14 20:20:21,16
246,26,Education,2026-02-21 12:50:21,40
247,43,Comedy,2026-02-27 23:31:01,39
248,27,Education,2026-02-24 15:00:47,56
249,5,Comedy,2026-02-08 12:21:04,16
250,20,Devotional,2026-02-10 05:14:49,11
251,11,Comedy,2026-02-15 09:41:22,33
252,10,Romance,2026-02-11 13:38:23,15
253,40,Bollywood,2026-02-03 20:08:16,37
254,38,Devotional,2026-02-27 07:42:11,10
255,6,Comedy,2026-02-03 23:01:14,51
256,8,Education,2026-02-16 05:22:33,19
257,23,Devotional,2026-02-03 18:36:08,36
258,47,Devotional,2026-02-03 10:25:12,55
259,26,Comedy,2026-02-24 03:29:55,15
260,46,Devotional,2026-02-25 09:51:47,27
261,43,Education,2026-02-26 18:48:24,30
262,12,Devotional,2026-02-08 15:25:20,38
263,26,Education,2026-02-03 18:16:10,50
264,13,Comedy,2026-02-25 15:39:47,38
265,40,Bollywood,2026-02-04 21:20:11,33
266,18,Devotional,2026-02-10 00:30:06,8
267,25,Bollywood,2026-02-04 07:49:59,21
268,33,Education,2026-02-04 07:10:48,39
269,47,Devotional,2026-02-12 10:01:56,17
270,40,Romance,2026-02-20 14:25:57,45
271,43,Bollywood,2026-02-06 19:40:40,43
272,12,Devotional,2026-02-12 22:51:42,19
273,44,Bollywood,2026-02-02 22:18:08,59
274,36,Devotional,2026-02-04 23:31:03,33
275,48,Comedy,2026-02-21 08:25:56,33
276,4,Bollywood,2026-02-26 09:05:09,15
277,5,Romance,2026-02-16 08:35:51,56
278,37,Romance,2026-02-13 15:48:50,36
279,8,Education,2026-02-10 21:58:45,6
280,42,Devotional,2026-02-16 06:03:02,51
281,49,Bollywood,2026-02-12 14:05:21,18
282,28,Education,2026-02-13 21:27:48,24
283,31,Bollywood,2026-02-20 05:07:26,26
284,9,Devotional,2026-02-07 08:29:03,15
285,29,Romance,2026-02-15 13:31:18,31
286,14,Comedy,2026-02-23 04:42:18,7
287,40,Romance,2026-02-16 08:22:23,21
288,41,Education,2026-02-04 12:31:07,48
289,22,Comedy,2026-02-01 10:51:11,32
290,11,Education,2026-02-23 05:56:28,33
291,23,Devotional,2026-02-05 20:29:11,25
292,1,Comedy,2026-02-04 13:21:17,51
293,46,Education,2026-02-27 02:23:22,20
294,37,Devotional,2026-02-11 08:20:33,41
295,21,Romance,2026-02-25 13:23:54,24
296,26,Devotional,2026-02-13 20:58:51,10
297,46,Bollywood,2026-02-07 10:19:23,23
298,36,Devotional,2026-02-17 22:37:29,9
299,23,Devotional,2026-02-04 08:08:51,7
300,1,Bollywood,2026-02-12 20:36:43,5
